strain	date	region	country	is_lab_host	host	genbank_accession	authors
Russia/PP_000PTFY.3/2003-01-01	2003-05-28	Europe	Russia			AY995166.2	Meissner, J. D.; Seregin, S. S.; Seregin, S. V.; Vyshemirskii, O. I.; Samokhvalov, E. I.; Lvov, D. K.; Netesov, S. V.; Petrov, V. S.
Senegal/PP_000PTZV.3/1969-01-01	1969-05-28	Africa	Senegal		Hyalomma truncatum	DQ211613.1	Deyde, V. M.; Khristova, M. L.; Rollin, P. E.; Ksiazek, T. G.; Nichol, S. T.
Senegal/PP_000PU0T.3/1972-01-01	1972-05-28	Africa	Senegal		Capra hircus	DQ211614.1	Deyde, V. M.; Khristova, M. L.; Rollin, P. E.; Ksiazek, T. G.; Nichol, S. T.
Mauritania/PP_000PU1R.3/1984-01-01	1984-05-28	Africa	Mauritania		Hyalomma rufipes	DQ211615.1	Deyde, V. M.; Khristova, M. L.; Rollin, P. E.; Ksiazek, T. G.; Nichol, S. T.
China/PP_000PU2P.3/1968-01-01	1968-05-28	Asia	China	True	Ovis aries	DQ211616.1	Deyde, V. M.; Khristova, M. L.; Rollin, P. E.; Ksiazek, T. G.; Nichol, S. T.
Russia/PP_000PU3M.3/1967-01-01	1967-05-28	Europe	Russia	True	Homo sapiens	DQ211617.1	Deyde, V. M.; Khristova, M. L.; Rollin, P. E.; Ksiazek, T. G.; Nichol, S. T.
Russia/PP_000PU4K.3/1967-01-01	1967-05-28	Europe	Russia	True	Homo sapiens	DQ211618.1	Deyde, V. M.; Khristova, M. L.; Rollin, P. E.; Ksiazek, T. G.; Nichol, S. T.
Oman/PP_000PU5H.3/1997-01-01	1997-05-28	Asia	Oman	True	Homo sapiens	DQ211619.1	Deyde, V. M.; Khristova, M. L.; Rollin, P. E.; Ksiazek, T. G.; Nichol, S. T.
South_Africa/PP_000PU6F.3/1985-01-01	1985-05-28	Africa	South Africa	True	Homo sapiens	DQ211620.1	Deyde, V. M.; Khristova, M. L.; Rollin, P. E.; Ksiazek, T. G.; Nichol, S. T.
South_Africa/PP_000PU7D.3/1985-01-01	1985-05-28	Africa	South Africa	True	Homo sapiens	DQ211622.1	Deyde, V. M.; Khristova, M. L.; Rollin, P. E.; Ksiazek, T. G.; Nichol, S. T.
South_Africa/PP_000PUB5.3/1987-01-01	1987-05-28	Africa	South Africa	True	Homo sapiens	DQ211621.1	Deyde, V. M.; Khristova, M. L.; Rollin, P. E.; Ksiazek, T. G.; Nichol, S. T.
Turkey/PP_000PUC3.3/2003-01-01	2003-05-28	Europe	Turkey	True	Homo sapiens	DQ211623.1	Deyde, V. M.; Khristova, M. L.; Rollin, P. E.; Ksiazek, T. G.; Nichol, S. T.
Republic_of_the_Congo/PP_000PUD1.3/1956-01-01	1956-05-28	Africa	Republic of the Congo	True	Homo sapiens	DQ211624.1	Deyde, V. M.; Khristova, M. L.; Rollin, P. E.; Ksiazek, T. G.; Nichol, S. T.
China/PP_000PXU1.3/2004-01-01	2004-05-28	Asia	China	True	Ixodoidea	FJ562095.1	Zhou, Z.; Hu, Z.; Wang, H.; Deng, F.; Xia, Y.; Meng, W.; Zhang, Y.; Sun, S.; Li, T.
Turkey/PP_000PZEU.3/2006-01-01	2006-05-28	Europe	Turkey	True	Homo sapiens	GQ337055.1	Ozdarendeli, A.; Canakoglu, N.; Berber, E.; Aydin, K.; Tonbak, S.; Ertek, M.; Buzgan, T.; Bolat, Y.; Aktas, M.; Kalkan, A.
China/PP_000Q0FP.3/2004-01-01	2004-05-28	Asia	China		Ixodoidea	GU477492.1	Zhou, Z.; Meng, W.; Deng, F.; Wang, H.; Li, T.; Zhang, Y.; Sun, S.; Hu, Z.
Afghanistan/PP_000Q0LC.3/2009-01-01	2009-05-28	Asia	Afghanistan		Homo sapiens	HM452307.1	Olschlager, S.; Gabriel, M.; Schmidt-Chanasit, J.; Meyer, M.; Osborn, E.; Conger, N. G.; Allan, P. F.; Gunther, S.
Sudan/PP_000Q1GL.3/2009-06-01	2009-06-28	Africa	Sudan		Homo sapiens	HQ378183.1	Aradaib, I. E.; Erickson, B. R.; Karsany, M. S.; Khristova, M. L.; Elageb, R. M.; Mohamed, M. E.; Nichol, S. T.
Sudan/PP_000Q1HH.3/2008-10-01	2008-10-28	Africa	Sudan		Homo sapiens	HQ378180.1	Aradaib, I. E.; Erickson, B. R.; Karsany, M. S.; Khristova, M. L.; Elageb, R. M.; Mohamed, M. E.; Nichol, S. T.
Sudan/PP_000Q1JF.3/2008-10-01	2008-10-28	Africa	Sudan		Homo sapiens	HQ378181.1	Aradaib, I. E.; Erickson, B. R.; Karsany, M. S.; Khristova, M. L.; Elageb, R. M.; Mohamed, M. E.; Nichol, S. T.
Sudan/PP_000Q1KD.3/2008-10-01	2008-10-28	Africa	Sudan		Homo sapiens	HQ378182.1	Aradaib, I. E.; Erickson, B. R.; Karsany, M. S.; Khristova, M. L.; Elageb, R. M.; Mohamed, M. E.; Nichol, S. T.
India/PP_000Q3N5.3/2011-01-01	2011-05-28	Asia	India		Homo sapiens	JN627865.1	Yadav, P. D.; Cherian, S. S.; Zawar, D.; Kokate, P.; Gunjikar, R.; Jadhav, S.; Mishra, A. C.; Mourya, D. T.
India/PP_000Q3P3.3/2011-01-01	2011-05-28	Asia	India	True	Ixodida	JN572090.1	Yadav, P. D.; Cherian, S. S.; Zawar, D.; Kokate, P.; Gunjikar, R.; Jadhav, S.; Mishra, A. C.; Mourya, D. T.
India/PP_000Q3RZ.3/2011-01-01	2011-05-28	Asia	India	True	Homo sapiens	JN572091.1	Yadav, P. D.; Cherian, S. S.; Zawar, D.; Kokate, P.; Gunjikar, R.; Jadhav, S.; Mishra, A. C.; Mourya, D. T.
India/PP_000Q3TV.3/2011-01-01	2011-05-28	Asia	India		Ixodida	JN572092.1	Yadav, P. D.; Cherian, S. S.; Zawar, D.; Kokate, P.; Gunjikar, R.; Jadhav, S.; Mishra, A. C.; Mourya, D. T.
Afghanistan/PP_000Q4DP.3/2012-10-03	2012-10-03	Asia	Afghanistan		Homo sapiens	KC344855.1	Chamberlain, J.; Atkinson, B.; Logue, C. H.; Latham, J.; Newman, E. N.; Hewson, R.; Osborne, J.; Brooks, T.; Vipond, R.; Carroll, M. W.
Iran/PP_000Q67Z.3/2007-01-01	2007-05-28	Asia	Iran	True		KC867272.1	Karlberg, H.; Sharifi-Mood, B.; Mousavi-Jazi, M.; Dilcher, M.; Lindegren, G.; Mardani, M.; Weidmann, M.; Mirazimi, A.
South_Africa/PP_000QAL2.3/1990-01-01	1990-05-28	Africa	South Africa		Homo sapiens	KJ682795.1	Goedhals, D.; Bester, P. A.; Paweska, J. T.; Swanepoel, R.; Burt, F. J.
South_Africa/PP_000QAM0.3/1988-01-01	1988-05-28	Africa	South Africa		Homo sapiens	KJ682796.1	Goedhals, D.; Bester, P. A.; Paweska, J. T.; Swanepoel, R.; Burt, F. J.
South_Africa/PP_000QANY.3/1990-01-01	1990-05-28	Africa	South Africa		Homo sapiens	KJ682797.1	Goedhals, D.; Bester, P. A.; Paweska, J. T.; Swanepoel, R.; Burt, F. J.
South_Africa/PP_000QAPW.3/1987-01-01	1987-05-28	Africa	South Africa		Homo sapiens	KJ682798.1	Goedhals, D.; Bester, P. A.; Paweska, J. T.; Swanepoel, R.; Burt, F. J.
South_Africa/PP_000QAQU.3/1985-01-01	1985-05-28	Africa	South Africa		Homo sapiens	KJ682799.1	Goedhals, D.; Bester, P. A.; Paweska, J. T.; Swanepoel, R.; Burt, F. J.
South_Africa/PP_000QARS.3/2008-01-01	2008-05-28	Africa	South Africa		Homo sapiens	KJ682800.1	Goedhals, D.; Bester, P. A.; Paweska, J. T.; Swanepoel, R.; Burt, F. J.
South_Africa/PP_000QASQ.3/1987-01-01	1987-05-28	Africa	South Africa		Homo sapiens	KJ682801.1	Goedhals, D.; Bester, P. A.; Paweska, J. T.; Swanepoel, R.; Burt, F. J.
South_Africa/PP_000QATN.3/1989-01-01	1989-05-28	Africa	South Africa		Homo sapiens	KJ682802.1	Goedhals, D.; Bester, P. A.; Paweska, J. T.; Swanepoel, R.; Burt, F. J.
South_Africa/PP_000QAUL.3/1988-01-01	1988-05-28	Africa	South Africa		Homo sapiens	KJ682803.1	Goedhals, D.; Bester, P. A.; Paweska, J. T.; Swanepoel, R.; Burt, F. J.
Namibia/PP_000QAVJ.3/1988-01-01	1988-05-28	Africa	Namibia		Homo sapiens	KJ682804.1	Goedhals, D.; Bester, P. A.; Paweska, J. T.; Swanepoel, R.; Burt, F. J.
Russia/PP_000QECF.3/2012-01-01	2012-05-28	Europe	Russia		Homo sapiens	KR814875.1	Volynkina, A.; Pisarenko, S.
Russia/PP_000QEDD.3/2014-01-01	2014-05-28	Europe	Russia		Homo sapiens	KR814876.1	Volynkina, A.; Pisarenko, S.
Russia/PP_000QEEB.3/2013-01-01	2013-05-28	Europe	Russia		Homo sapiens	KR814877.1	Volynkina, A.; Pisarenko, S.
Russia/PP_000QEF9.3/2010-01-01	2010-05-28	Europe	Russia		Homo sapiens	KR814878.1	Volynkina, A.; Pisarenko, S.
Russia/PP_000QEG7.3/2012-01-01	2012-05-28	Europe	Russia		Homo sapiens	KR814879.1	Volynkina, A.; Pisarenko, S.
Russia/PP_000QEH4.3/2013-01-01	2013-05-28	Europe	Russia		Homo sapiens	KR814880.1	Volynkina, A.; Pisarenko, S.
Russia/PP_000QEJ2.3/2014-01-01	2014-05-28	Europe	Russia		Homo sapiens	KR814881.1	Volynkina, A.; Pisarenko, S.
Russia/PP_000QEK0.3/2012-01-01	2012-05-28	Europe	Russia		Homo sapiens	KR814882.1	Volynkina, A.; Pisarenko, S.
Russia/PP_000QELY.3/2010-01-01	2010-05-28	Europe	Russia		Homo sapiens	KR814883.1	Volynkina, A.; Pisarenko, S.
Russia/PP_000QEMW.3/2014-01-01	2014-05-28	Europe	Russia		Homo sapiens	KR814884.1	Volynkina, A.; Pisarenko, S.
Russia/PP_000QENU.3/2007-01-01	2007-05-28	Europe	Russia		Homo sapiens	KR814885.1	Volynkina, A.; Pisarenko, S.
Russia/PP_000QEPS.3/2007-01-01	2007-05-28	Europe	Russia		Homo sapiens	KR814886.1	Volynkina, A.; Pisarenko, S.
Russia/PP_000QEQQ.3/2007-01-01	2007-05-28	Europe	Russia		Homo sapiens	KR814887.1	Volynkina, A.; Pisarenko, S.
Russia/PP_000QERN.3/2008-01-01	2008-05-28	Europe	Russia		Homo sapiens	KR814888.1	Volynkina, A.; Pisarenko, S.
Russia/PP_000QESL.3/2008-01-01	2008-05-28	Europe	Russia		Homo sapiens	KR814889.1	Volynkina, A.; Pisarenko, S.
Russia/PP_000QETJ.3/2009-01-01	2009-05-28	Europe	Russia		Homo sapiens	KR814890.1	Volynkina, A.; Pisarenko, S.
Russia/PP_000QEUG.3/2009-01-01	2009-05-28	Europe	Russia		Homo sapiens	KR814891.1	Volynkina, A.; Pisarenko, S.
Russia/PP_000QEVE.3/2011-01-01	2011-05-28	Europe	Russia		Homo sapiens	KR814892.1	Volynkina, A.; Pisarenko, S.
Russia/PP_000QEWC.3/2011-01-01	2011-05-28	Europe	Russia		Homo sapiens	KR814893.1	Volynkina, A.; Pisarenko, S.
Russia/PP_000QGKY.3/2015-01-01	2015-05-28	Europe	Russia		Homo sapiens	KU161582.1	Popova, A.; Kulichenko, A.; Volynkina, A.; Kotenev, E.; Pisarenko, S.; Lisitskaya, Y.; Shaposhnikova, L.
Russia/PP_000QGLW.3/2015-01-01	2015-05-28	Europe	Russia		Ixodoidea	KU161583.1	Popova, A.; Kulichenko, A.; Volynkina, A.; Kotenev, E.; Pisarenko, S.; Lisitskaya, Y.; Shaposhnikova, L.
Tajikistan/PP_000QGZ4.3/1969-01-01	1969-05-28	Asia	Tajikistan		Homo sapiens	KX013444.1	Lukashev, A. N.; Klimentov, A. S.; Smirnova, S. E.; Dzagurova, T. K.; Drexler, J. F.; Gmyl, A. P.
Uzbekistan/PP_000QH02.3/1967-01-01	1967-05-28	Asia	Uzbekistan		Homo sapiens	KX013447.1	Lukashev, A. N.; Klimentov, A. S.; Smirnova, S. E.; Dzagurova, T. K.; Drexler, J. F.; Gmyl, A. P.
Nigeria/PP_000QH10.3/1965-01-01	1965-05-28	Africa	Nigeria		Capra hircus	KX013450.1	Lukashev, A. N.; Klimentov, A. S.; Smirnova, S. E.; Dzagurova, T. K.; Drexler, J. F.; Gmyl, A. P.
Kazakhstan/PP_000QH2Y.3/1971-01-01	1971-05-28	Asia	Kazakhstan		Ixodoidea	KX013453.1	Lukashev, A. N.; Klimentov, A. S.; Smirnova, S. E.; Dzagurova, T. K.; Drexler, J. F.; Gmyl, A. P.
Turkmenistan/PP_000QH3W.3/1973-01-01	1973-05-28	Asia	Turkmenistan		Ixodoidea	KX013456.1	Lukashev, A. N.; Klimentov, A. S.; Smirnova, S. E.; Dzagurova, T. K.; Drexler, J. F.; Gmyl, A. P.
Turkmenistan/PP_000QH4U.3/1973-01-01	1973-05-28	Asia	Turkmenistan		Ixodoidea	KX013459.1	Lukashev, A. N.; Klimentov, A. S.; Smirnova, S. E.; Dzagurova, T. K.; Drexler, J. F.; Gmyl, A. P.
Russia/PP_000QH5S.3/1989-01-01	1989-05-28	Europe	Russia		Ixodoidea	KX013462.1	Lukashev, A. N.; Klimentov, A. S.; Smirnova, S. E.; Dzagurova, T. K.; Drexler, J. F.; Gmyl, A. P.
Russia/PP_000QH6Q.3/1984-01-01	1984-05-28	Europe	Russia		Ixodoidea	KX013465.1	Lukashev, A. N.; Klimentov, A. S.; Smirnova, S. E.; Dzagurova, T. K.; Drexler, J. F.; Gmyl, A. P.
Russia/PP_000QH7N.3/2000-01-01	2000-05-28	Europe	Russia		Ixodoidea	KX013468.1	Lukashev, A. N.; Klimentov, A. S.; Smirnova, S. E.; Dzagurova, T. K.; Drexler, J. F.; Gmyl, A. P.
Russia/PP_000QH8L.3/2000-01-01	2000-05-28	Europe	Russia		Ixodoidea	KX013471.1	Lukashev, A. N.; Klimentov, A. S.; Smirnova, S. E.; Dzagurova, T. K.; Drexler, J. F.; Gmyl, A. P.
Russia/PP_000QH9J.3/2000-01-01	2000-05-28	Europe	Russia		Ixodoidea	KX013474.1	Lukashev, A. N.; Klimentov, A. S.; Smirnova, S. E.; Dzagurova, T. K.; Drexler, J. F.; Gmyl, A. P.
Russia/PP_000QHAG.3/1968-01-01	1968-05-28	Europe	Russia		Homo sapiens	KX013477.1	Lukashev, A. N.; Klimentov, A. S.; Smirnova, S. E.; Dzagurova, T. K.; Drexler, J. F.; Gmyl, A. P.
Russia/PP_000QHBE.3/1968-01-01	1968-05-28	Europe	Russia		Homo sapiens	KX013480.1	Lukashev, A. N.; Klimentov, A. S.; Smirnova, S. E.; Dzagurova, T. K.; Drexler, J. F.; Gmyl, A. P.
Uganda/PP_000QHCC.3/1958-01-01	1958-05-28	Africa	Uganda		Homo sapiens	KX013483.1	Lukashev, A. N.; Klimentov, A. S.; Smirnova, S. E.; Dzagurova, T. K.; Drexler, J. F.; Gmyl, A. P.
Russia/PP_000QHDA.3/1968-01-01	1968-05-28	Asia	Russia		Homo sapiens	KX013486.1	Lukashev, A. N.; Klimentov, A. S.; Smirnova, S. E.; Dzagurova, T. K.; Drexler, J. F.; Gmyl, A. P.
Russia/PP_000QHE8.3/2012-01-01	2012-05-28	Asia	Russia		Homo sapiens	KX056050.1	Klimentov, A. S.; Butenko, A. M.; Larichev, V. F.; Isaeva, O. V.; Gordeychuk, I. V.; Gmyl, A. P.
Russia/PP_000QHF6.3/2012-01-01	2012-05-28	Asia	Russia		Homo sapiens	KX056053.1	Klimentov, A. S.; Butenko, A. M.; Larichev, V. F.; Isaeva, O. V.; Gordeychuk, I. V.; Gmyl, A. P.
Russia/PP_000QHG4.3/2012-01-01	2012-05-28	Asia	Russia		Homo sapiens	KX056056.1	Klimentov, A. S.; Butenko, A. M.; Larichev, V. F.; Isaeva, O. V.; Gordeychuk, I. V.; Gmyl, A. P.
Russia/PP_000QHH1.3/2012-01-01	2012-05-28	Asia	Russia		Homo sapiens	KX056059.1	Klimentov, A. S.; Butenko, A. M.; Larichev, V. F.; Isaeva, O. V.; Gordeychuk, I. V.; Gmyl, A. P.
Nigeria/PP_000QJ6P.3/2012-03-01	2012-03-28	Africa	Nigeria		Homo sapiens	KX238956.1	Bukbuk, D. N.; Dowall, S. S.; Lewandowski, K. S.; Bosworth, A.; Baba, S. S.; Varghese, A.; Bell, A. J.; Atkinson, B.; Hewson, R.
India/PP_000QKBC.3/2016-01-01	2016-05-28	Asia	India			KY213712.1	Yadav, P. D.; Thacker, S.; Patil, D. Y.; Jain, R.; Mourya, D. T.; Shete, A. M.
China/PP_000QKE6.3/2016-05-01	2016-05-28	Asia	China		Ixodoidea	KY354082.1	Guo, R.; Shen, S.; Zhang, Y. F.; Shi, J. M.; Su, Z. Y.; Liu, D.; Liu, J. L.; Yang, J.; Wang, Q. G.; Zhang, Y. J.; Deng, F.
Oman/PP_000QKG2.3/1998-07-16	1998-07-16	Asia	Oman		Homo sapiens	KY362514.1	Zivcec, M.; Guerrero, L.; Albarino, C.; Spiropoulou, C.
Turkey/PP_000QKHZ.3/2004-05-19	2004-05-19	Europe	Turkey		Homo sapiens	KY362515.1	Zivcec, M.; Guerrero, L.; Albarino, C.; Spiropoulou, C.
Senegal/PP_000QKJX.3/1969-01-01	1969-05-28	Africa	Senegal		Hyalomma truncatum	KY484025.1	Koehler, J. W.; Delp, K. L.; Kearney, B. J.; Conrad, T. A.; Schoepp, R. J.; Garrison, A. R.; Altimura, L. A.; Rossi, C. A.; Minogue, T. D.
Russia/PP_000QKKV.3/1967-01-01	1967-05-28	Europe	Russia		Homo sapiens	KY484030.1	Koehler, J. W.; Delp, K. L.; Kearney, B. J.; Conrad, T. A.; Schoepp, R. J.; Garrison, A. R.; Altimura, L. A.; Rossi, C. A.; Minogue, T. D.
China/PP_000QKLT.3/1968-01-01	1968-05-28	Asia	China		Hyalomma marginatum	KY484033.1	Koehler, J. W.; Delp, K. L.; Kearney, B. J.; Conrad, T. A.; Schoepp, R. J.; Garrison, A. R.; Altimura, L. A.; Rossi, C. A.; Minogue, T. D.
Nigeria/PP_000QKMR.3/1996-01-01	1996-05-28	Africa	Nigeria		Hyalomma excavatum	KY484034.1	Koehler, J. W.; Delp, K. L.; Kearney, B. J.; Conrad, T. A.; Schoepp, R. J.; Garrison, A. R.; Altimura, L. A.; Rossi, C. A.; Minogue, T. D.
Pakistan/PP_000QKNP.3/1965-01-01	1965-05-28	Asia	Pakistan		Hyalomma anatolicum	KY484039.1	Koehler, J. W.; Delp, K. L.; Kearney, B. J.; Conrad, T. A.; Schoepp, R. J.; Garrison, A. R.; Altimura, L. A.; Rossi, C. A.; Minogue, T. D.
South_Africa/PP_000QKPM.3/1987-01-01	1987-05-28	Africa	South Africa		Homo sapiens	KY484041.1	Koehler, J. W.; Delp, K. L.; Kearney, B. J.; Conrad, T. A.; Schoepp, R. J.; Garrison, A. R.; Altimura, L. A.; Rossi, C. A.; Minogue, T. D.
Uganda/PP_000QKQK.3/1981-01-01	1981-05-28	Africa	Uganda		Hyalomma marginatum	KY484043.1	Koehler, J. W.; Delp, K. L.; Kearney, B. J.; Conrad, T. A.; Schoepp, R. J.; Garrison, A. R.; Altimura, L. A.; Rossi, C. A.; Minogue, T. D.
Democratic_Republic_of_the_Congo/PP_000QKRH.3/1956-01-01	1956-05-28	Africa	Democratic Republic of the Congo		Homo sapiens	KY484046.1	Koehler, J. W.; Delp, K. L.; Kearney, B. J.; Conrad, T. A.; Schoepp, R. J.; Garrison, A. R.; Altimura, L. A.; Rossi, C. A.; Minogue, T. D.
Russia/PP_000QL0Z.3/2016-01-01	2016-05-28	Europe	Russia		Homo sapiens	KY982864.1	Dedkov, V. G.; Shchelkanov, M. Y.; Bushkieva, B. T.; Rudenko, T. A.; Kurdyukova, O. V.; Galkina, I. V.; Sapotsky, M. V.; Blinova, E. A.; Dzhambinov, S. D.; Shipulin, G. A.; Safonova, M. V.
Russia/PP_000QL1X.3/2016-01-01	2016-05-28	Europe	Russia		Homo sapiens	KY982865.1	Dedkov, V. G.; Shchelkanov, M. Y.; Bushkieva, B. T.; Rudenko, T. A.; Kurdyukova, O. V.; Galkina, I. V.; Sapotsky, M. V.; Blinova, E. A.; Dzhambinov, S. D.; Shipulin, G. A.; Safonova, M. V.
Spain/PP_000QLNN.3/2016-08-31	2016-08-31	Europe	Spain		Homo sapiens	MF287638.1	Ramirez de Arellano, E.; Hernandez, L.; Goyanes, M. J.; Arsuaga, M.; Fernandez Cruz, A.; Negredo, A.; Sanchez-Seco, M. P.; Perez Sautu, U.
Turkey/PP_000QLPL.3/2004-01-01	2004-05-28	Europe	Turkey		Homo sapiens	MF511193.1	Zivcec, M.; Guerrero, L.; Albarino, C.; Spiropoulou, C.; Rollin, P. E.; Ksiazek, T. G.; Nichol, S. T.
United_Arab_Emirates/PP_000QLQJ.3/1995-09-16	1995-09-16	Asia	United Arab Emirates		Homo sapiens	MF289414.1	Zivcec, M.; Guerrero, L. I. W.; Albarino, C. G.; Bergeron, E.; Nichol, S. T.; Spiropoulou, C. F.; Guerrero, L.; Albarino, C.; Spiropoulou, C.; Nichol, S.
United_Arab_Emirates/PP_000QLRG.3/1998-10-26	1998-10-26	Asia	United Arab Emirates		Homo sapiens	MF289417.1	Zivcec, M.; Guerrero, L. I. W.; Albarino, C. G.; Bergeron, E.; Nichol, S. T.; Spiropoulou, C. F.; Guerrero, L.; Albarino, C.; Spiropoulou, C.; Nichol, S.
Turkey/PP_000QLSE.3/2004-01-01	2004-05-28	Europe	Turkey		Homo sapiens	MF511190.1	Zivcec, M.; Guerrero, L.; Albarino, C.; Spiropoulou, C.; Rollin, P. E.; Ksiazek, T. G.; Nichol, S. T.
Turkey/PP_000QLTC.3/2004-01-01	2004-05-28	Europe	Turkey		Homo sapiens	MF511191.1	Zivcec, M.; Guerrero, L.; Albarino, C.; Spiropoulou, C.; Rollin, P. E.; Ksiazek, T. G.; Nichol, S. T.
Turkey/PP_000QLUA.3/2004-01-01	2004-05-28	Europe	Turkey		Homo sapiens	MF511192.1	Zivcec, M.; Guerrero, L.; Albarino, C.; Spiropoulou, C.; Rollin, P. E.; Ksiazek, T. G.; Nichol, S. T.
Turkey/PP_000QLV8.3/2004-01-01	2004-05-28	Europe	Turkey		Homo sapiens	MF511194.1	Zivcec, M.; Guerrero, L.; Albarino, C.; Spiropoulou, C.; Rollin, P. E.; Ksiazek, T. G.; Nichol, S. T.
Turkey/PP_000QLW6.3/2004-01-01	2004-05-28	Europe	Turkey		Homo sapiens	MF511195.1	Zivcec, M.; Guerrero, L.; Albarino, C.; Spiropoulou, C.; Rollin, P. E.; Ksiazek, T. G.; Nichol, S. T.
Turkey/PP_000QLX4.3/2004-01-01	2004-05-28	Europe	Turkey		Homo sapiens	MF511196.1	Zivcec, M.; Guerrero, L.; Albarino, C.; Spiropoulou, C.; Rollin, P. E.; Ksiazek, T. G.; Nichol, S. T.
Turkey/PP_000QLY2.3/2004-01-01	2004-05-28	Europe	Turkey		Homo sapiens	MF511197.1	Zivcec, M.; Guerrero, L.; Albarino, C.; Spiropoulou, C.; Rollin, P. E.; Ksiazek, T. G.; Nichol, S. T.
Turkey/PP_000QLZ0.3/2004-01-01	2004-05-28	Europe	Turkey		Homo sapiens	MF511198.1	Zivcec, M.; Guerrero, L.; Albarino, C.; Spiropoulou, C.; Rollin, P. E.; Ksiazek, T. G.; Nichol, S. T.
Turkey/PP_000QM0Y.3/2004-01-01	2004-05-28	Europe	Turkey		Homo sapiens	MF511199.1	Zivcec, M.; Guerrero, L.; Albarino, C.; Spiropoulou, C.; Rollin, P. E.; Ksiazek, T. G.; Nichol, S. T.
Turkey/PP_000QM1W.3/2004-01-01	2004-05-28	Europe	Turkey		Homo sapiens	MF511200.1	Zivcec, M.; Guerrero, L.; Albarino, C.; Spiropoulou, C.; Rollin, P. E.; Ksiazek, T. G.; Nichol, S. T.
Namibia/PP_000QM2U.3/1987-01-01	1987-05-28	Africa	Namibia		Homo sapiens	MF511201.1	Zivcec, M.; Guerrero, L.; Albarino, C.; Spiropoulou, C.; Rollin, P. E.; Ksiazek, T. G.; Swanepoel, R.; Nichol, S. T.
South_Africa/PP_000QM3S.3/1981-01-01	1981-05-28	Africa	South Africa		Hyalomma rufipes	MF511202.1	Zivcec, M.; Guerrero, L.; Albarino, C.; Spiropoulou, C.; Rollin, P. E.; Ksiazek, T. G.; Swanepoel, R.; Nichol, S. T.
South_Africa/PP_000QM4Q.3/1985-01-01	1985-05-28	Africa	South Africa		Homo sapiens	MF511204.1	Zivcec, M.; Guerrero, L.; Albarino, C.; Spiropoulou, C.; Rollin, P. E.; Ksiazek, T. G.; Swanepoel, R.; Nichol, S. T.
South_Africa/PP_000QM5N.3/1984-01-01	1984-05-28	Africa	South Africa		Homo sapiens	MF511205.1	Zivcec, M.; Guerrero, L.; Albarino, C.; Spiropoulou, C.; Rollin, P. E.; Ksiazek, T. G.; Swanepoel, R.; Nichol, S. T.
South_Africa/PP_000QM6L.3/1984-01-01	1984-05-28	Africa	South Africa		Homo sapiens	MF511206.1	Zivcec, M.; Guerrero, L.; Albarino, C.; Spiropoulou, C.; Rollin, P. E.; Ksiazek, T. G.; Swanepoel, R.; Nichol, S. T.
Greece/PP_000QNPJ.3/2015-06-29	2015-06-29	Europe	Greece		Rhipicephalus bursa	MG516213.1	Papa, A.; Papadopoulou, E.; Tsioka, K.; Kontana, A.; Pappa, S.; Melidou, A.; Giadinis, N. D.; Giadinis, N.
China/PP_000QNQG.3/2017-01-01	2017-05-28	Asia	China		Hyalomma asiaticum	MG659722.1	Zhang, Y.; Shen, S.; Fang, Y.; Liu, J.; Su, Z.; Liang, J.; Zhang, Z.; Wu, Q.; Wang, C.; Abudurexiti, A.; Hu, Z.; Deng, F.; Fang, Y. H.; Zhang, Y. F.; Liu, J. L.; Su, Z. Y.; Liang, J. H.; Wu, Q. L.; Wang, Q. G.; Hu, Z. H.; Zhang, Y. J.
China/PP_000QNRE.3/2017-01-01	2017-05-28	Asia	China		Hyalomma asiaticum	MG659725.1	Zhang, Y.; Shen, S.; Fang, Y.; Liu, J.; Su, Z.; Liang, J.; Zhang, Z.; Wu, Q.; Wang, C.; Abudurexiti, A.; Hu, Z.; Deng, F.; Fang, Y. H.; Zhang, Y. F.; Liu, J. L.; Su, Z. Y.; Liang, J. H.; Wu, Q. L.; Wang, Q. G.; Hu, Z. H.; Zhang, Y. J.
Kosovo/PP_000QPRD.3/2013-01-01	2013-05-28	Europe	Kosovo		Homo sapiens	MH133279.1	Emmerich, P.; Jakupi, X.; von Possel, R.; Berisha, L.; Halili, B.; Gunther, S.; Cadar, D.; Ahmeti, S.; Schmidt-Chanasit, J.
Kosovo/PP_000QPT9.3/2013-01-01	2013-05-28	Europe	Kosovo		Homo sapiens	MH133282.1	Emmerich, P.; Jakupi, X.; von Possel, R.; Berisha, L.; Halili, B.; Gunther, S.; Cadar, D.; Ahmeti, S.; Schmidt-Chanasit, J.
Kosovo/PP_000QPU7.3/2013-01-01	2013-05-28	Europe	Kosovo		Homo sapiens	MH133285.1	Emmerich, P.; Jakupi, X.; von Possel, R.; Berisha, L.; Halili, B.; Gunther, S.; Cadar, D.; Ahmeti, S.; Schmidt-Chanasit, J.
Kosovo/PP_000QPV5.3/2013-01-01	2013-05-28	Europe	Kosovo		Homo sapiens	MH133288.1	Emmerich, P.; Jakupi, X.; von Possel, R.; Berisha, L.; Halili, B.; Gunther, S.; Cadar, D.; Ahmeti, S.; Schmidt-Chanasit, J.
Kosovo/PP_000QPW3.3/2013-01-01	2013-05-28	Europe	Kosovo		Homo sapiens	MH133291.1	Emmerich, P.; Jakupi, X.; von Possel, R.; Berisha, L.; Halili, B.; Gunther, S.; Cadar, D.; Ahmeti, S.; Schmidt-Chanasit, J.
Kosovo/PP_000QPX1.3/2013-01-01	2013-05-28	Europe	Kosovo		Homo sapiens	MH133294.1	Emmerich, P.; Jakupi, X.; von Possel, R.; Berisha, L.; Halili, B.; Gunther, S.; Cadar, D.; Ahmeti, S.; Schmidt-Chanasit, J.
Kosovo/PP_000QPYZ.3/2013-01-01	2013-05-28	Europe	Kosovo		Homo sapiens	MH133297.1	Emmerich, P.; Jakupi, X.; von Possel, R.; Berisha, L.; Halili, B.; Gunther, S.; Cadar, D.; Ahmeti, S.; Schmidt-Chanasit, J.
Kosovo/PP_000QPZX.3/2013-01-01	2013-05-28	Europe	Kosovo		Homo sapiens	MH133300.1	Emmerich, P.; Jakupi, X.; von Possel, R.; Berisha, L.; Halili, B.; Gunther, S.; Cadar, D.; Ahmeti, S.; Schmidt-Chanasit, J.
Kosovo/PP_000QQ0V.3/2013-01-01	2013-05-28	Europe	Kosovo		Homo sapiens	MH133303.1	Emmerich, P.; Jakupi, X.; von Possel, R.; Berisha, L.; Halili, B.; Gunther, S.; Cadar, D.; Ahmeti, S.; Schmidt-Chanasit, J.
Kosovo/PP_000QQ1T.3/2014-01-01	2014-05-28	Europe	Kosovo		Homo sapiens	MH133306.1	Emmerich, P.; Jakupi, X.; von Possel, R.; Berisha, L.; Halili, B.; Gunther, S.; Cadar, D.; Ahmeti, S.; Schmidt-Chanasit, J.
Kosovo/PP_000QQ2R.3/2014-01-01	2014-05-28	Europe	Kosovo		Homo sapiens	MH133309.1	Emmerich, P.; Jakupi, X.; von Possel, R.; Berisha, L.; Halili, B.; Gunther, S.; Cadar, D.; Ahmeti, S.; Schmidt-Chanasit, J.
Kosovo/PP_000QQ3P.3/2015-01-01	2015-05-28	Europe	Kosovo		Homo sapiens	MH133312.1	Emmerich, P.; Jakupi, X.; von Possel, R.; Berisha, L.; Halili, B.; Gunther, S.; Cadar, D.; Ahmeti, S.; Schmidt-Chanasit, J.
India/PP_000QQ8D.3/2010-01-01	2010-05-28	Asia	India		Homo sapiens	MH396640.1	Yadav, P. D.
India/PP_000QQB7.3/2014-01-01	2014-05-28	Asia	India		Homo sapiens	MH396649.1	Yadav, P. D.
India/PP_000QQC5.3/2015-01-01	2015-05-28	Asia	India		Homo sapiens	MH396652.1	Yadav, P. D.
India/PP_000QQD3.3/2015-01-01	2015-05-28	Asia	India		Homo sapiens	MH396655.1	Yadav, P. D.
India/PP_000QQE1.3/2015-01-01	2015-05-28	Asia	India		Homo sapiens	MH396658.1	Yadav, P. D.
India/PP_000QQFZ.3/2016-01-01	2016-05-28	Asia	India		Homo sapiens	MH396661.1	Yadav, P. D.
India/PP_000QQGX.3/2016-01-01	2016-05-28	Asia	India		Homo sapiens	MH396664.1	Yadav, P. D.
India/PP_000QQHU.3/2016-01-01	2016-05-28	Asia	India		Homo sapiens	MH396667.1	Yadav, P. D.
India/PP_000QQJS.3/2017-01-01	2017-05-28	Asia	India		Homo sapiens	MH396670.1	Yadav, P. D.
India/PP_000QQKQ.3/2017-01-01	2017-05-28	Asia	India		Homo sapiens	MH396673.1	Yadav, P. D.
Iran/PP_000QQLN.3/2017-08-03	2017-08-03	Asia	Iran		Homo sapiens	MH461099.1	Baniasadi, V.; Qaedi, H.; Jalali, T.; Pouriayevali, M. H.; Fazlalipour, M.; Mohammadi, T.; Fereydouni, Z.; Azadmanesh, K.; Salehi-Vaziri, M.
USA/PP_000QQRC.3/2018-06-01	2018-06-28	North America	USA		Homo sapiens	MH483986.1	Hawman, D. W.; Haddock, E.; Meade-White, K.; Williamson, B.; Hanley, P. W.; Rosenke, K.; Komeno, T.; Furuta, Y.; Gowen, B. B.; Feldmann, H.; Feldmann, F.
USA/PP_000QQSA.3/2018-06-01	2018-06-28	North America	USA		Homo sapiens	MH483989.1	Hawman, D. W.; Haddock, E.; Meade-White, K.; Williamson, B.; Hanley, P. W.; Rosenke, K.; Komeno, T.; Furuta, Y.; Gowen, B. B.; Feldmann, H.; Feldmann, F.
China/PP_000QQW2.3/2016-04-01	2016-04-28	Asia	China		Hyalomma asiaticum	MH688499.1	Shen, S.; Moming, A.; Luo, T.; Chang, C.; Fang, Y.; Wang, J.; Kou, C.; Wang, C.; Su, Z.; Zhang, Y.; Tang, S.; Wu, Q.; Duan, X.; Zhu, L.; Liu, X.; An, R.; Shi, J.; Yang, J.; Zhang, Z.; Liang, J.; Guo, R.; Wang, H.; Sun, S.; Hu, Z.; Deng, F.
Bulgaria/PP_000QRU5.3/2012-01-01	2012-05-28	Europe	Bulgaria		Rhipicephalus bursa	MK299340.1	Hua, B. L.; Scholte, F. E.; Ohlendorf, V.; Kopp, A.; Marklewitz, M.; Drosten, C.; Nichol, S. T.; Spiropoulou, C.; Junglen, S.; Bergeron, E.
Bulgaria/PP_000QRV3.3/2012-01-01	2012-05-28	Europe	Bulgaria		Rhipicephalus bursa	MK299343.1	Hua, B. L.; Scholte, F. E.; Ohlendorf, V.; Kopp, A.; Marklewitz, M.; Drosten, C.; Nichol, S. T.; Spiropoulou, C.; Junglen, S.; Bergeron, E.
Bulgaria/PP_000QRW1.3/2012-01-01	2012-05-28	Europe	Bulgaria		Rhipicephalus bursa	MK299346.1	Hua, B. L.; Scholte, F. E.; Ohlendorf, V.; Kopp, A.; Marklewitz, M.; Drosten, C.; Nichol, S. T.; Spiropoulou, C.; Junglen, S.; Bergeron, E.
India/PP_000QRZV.3/2018-01-01	2018-05-28	Asia	India		Homo sapiens	MK330133.1	Yadav, P.
India/PP_000QS0T.3/2018-01-01	2018-05-28	Asia	India		Ixodoidea	MK330136.1	Yadav, P.
Sudan/PP_000QS1R.3/2015-01-01	2015-05-28	Africa	Sudan		Homo sapiens	MK442895.1	Bower, H.; El Karsany, M.; Alzain, M.; Gannon, B.; Mohamed, R.; Mahmoud, I.; Eldegail, M.; Taha, R.; El Halawi, A.; Osman, A.; Mohamednour, S.; Semper, A.; Atkinson, B.; Carter, D. P.; Dowall, S.; Furneaux, J.; Graham, V.; Mellors, J.; Osborne, J.; Pullan, S. T.; Slack, G. S.; Brooks, T.; Hewson, R.; Beeching, N. J.; Whitworth, J.; Bausch, D.; Fletcher, T. E.
Pakistan/PP_000QSEZ.3/2017-10-13	2017-10-13	Asia	Pakistan			MN135944.1	Zohaib, A.; Saqib, M.; Athar, M. A.; Hussain, M. H.; Sial, A. U.; Tayyab, M. H.; Batool, M.; Sadia, H.; Taj, Z.; Tahir, U.; Jakhrani, M. Y.; Tayyab, J.; Kakar, M. A.; Shahid, M. F.; Yaqub, T.; Zhang, J.; Wu, Q.; Deng, F.; Corman, V. M.; Shen, S.; Khan, I.; Shi, Z. L.; Sial, A.-U.-R.; Ahmed, F.; Faiz, S.; Furqan, M.; Shu, S.; Shi, Z.-L.
Turkey/PP_000QZXR.3/2017-06-01	2017-06-28	Europe	Turkey		Rhipicephalus sanguineus sensu lato	MN811030.1	Ergunay, K.; Dincer, E.; Kar, S.; Emanet, N.; Yalcinkaya, D.; Polat Dincer, P. F.; Brinkmann, A.; Hacioglu, S.; Nitsche, A.; Ozkul, A.; Linton, Y. M.; Ergunay, C.
Turkey/PP_000QZYP.3/2017-07-01	2017-07-28	Europe	Turkey		Rhipicephalus bursa	MN811031.1	Ergunay, K.; Dincer, E.; Kar, S.; Emanet, N.; Yalcinkaya, D.; Polat Dincer, P. F.; Brinkmann, A.; Hacioglu, S.; Nitsche, A.; Ozkul, A.; Linton, Y. M.; Ergunay, C.
Turkey/PP_000QZZM.3/2017-07-01	2017-07-28	Europe	Turkey		Rhipicephalus turanicus	MN811032.1	Ergunay, K.; Dincer, E.; Kar, S.; Emanet, N.; Yalcinkaya, D.; Polat Dincer, P. F.; Brinkmann, A.; Hacioglu, S.; Nitsche, A.; Ozkul, A.; Linton, Y. M.; Ergunay, C.
China/PP_000R049.3/2015-01-01	2015-05-28	Asia	China		Hyalomma asiaticum	MN832723.1	Li, Y.; Yan, C.
India/PP_000R0P4.3/2018-01-01	2018-05-28	Asia	India		Homo sapiens	MN866127.1	Sahay, R. R.; Dhandore, S.; Chauhan, A.; Bhatt, L.; Garg, V.; Gupta, N.; Nyayanit, D. A.; Shete, A. M.; Singh, R.; Patil, S.; Sharma, H.; Meena, D.; Gawande, P.; Kalele, K.; Jain, R.; Mali, D.; Malhotra, B.; Nag, V.; Kaur, H.; Singh, N.; Singh, S.; Gopalkrishnan, M.; Yadav, P. D.; Yadav, P.
India/PP_000R0R0.3/2019-01-01	2019-05-28	Asia	India		Homo sapiens	MN866130.1	Sahay, R. R.; Dhandore, S.; Chauhan, A.; Bhatt, L.; Garg, V.; Gupta, N.; Nyayanit, D. A.; Shete, A. M.; Singh, R.; Patil, S.; Sharma, H.; Meena, D.; Gawande, P.; Kalele, K.; Jain, R.; Mali, D.; Malhotra, B.; Nag, V.; Kaur, H.; Singh, N.; Singh, S.; Gopalkrishnan, M.; Yadav, P. D.; Yadav, P.
India/PP_000R0SY.3/2019-01-01	2019-05-28	Asia	India		Homo sapiens	MN866133.1	Sahay, R. R.; Dhandore, S.; Chauhan, A.; Bhatt, L.; Garg, V.; Gupta, N.; Nyayanit, D. A.; Shete, A. M.; Singh, R.; Patil, S.; Sharma, H.; Meena, D.; Gawande, P.; Kalele, K.; Jain, R.; Mali, D.; Malhotra, B.; Nag, V.; Kaur, H.; Singh, N.; Singh, S.; Gopalkrishnan, M.; Yadav, P. D.; Yadav, P.
India/PP_000R0TW.3/2019-01-01	2019-05-28	Asia	India		Homo sapiens	MN866136.1	Sahay, R. R.; Dhandore, S.; Chauhan, A.; Bhatt, L.; Garg, V.; Gupta, N.; Nyayanit, D. A.; Shete, A. M.; Singh, R.; Patil, S.; Sharma, H.; Meena, D.; Gawande, P.; Kalele, K.; Jain, R.; Mali, D.; Malhotra, B.; Nag, V.; Kaur, H.; Singh, N.; Singh, S.; Gopalkrishnan, M.; Yadav, P. D.; Yadav, P.
India/PP_000R0UU.3/2019-01-01	2019-05-28	Asia	India		Homo sapiens	MN866139.1	Sahay, R. R.; Dhandore, S.; Chauhan, A.; Bhatt, L.; Garg, V.; Gupta, N.; Nyayanit, D. A.; Shete, A. M.; Singh, R.; Patil, S.; Sharma, H.; Meena, D.; Gawande, P.; Kalele, K.; Jain, R.; Mali, D.; Malhotra, B.; Nag, V.; Kaur, H.; Singh, N.; Singh, S.; Gopalkrishnan, M.; Yadav, P. D.; Yadav, P.
India/PP_000R0WQ.3/2019-01-01	2019-05-28	Asia	India		Homo sapiens	MN866142.1	Sahay, R. R.; Dhandore, S.; Chauhan, A.; Bhatt, L.; Garg, V.; Gupta, N.; Nyayanit, D. A.; Shete, A. M.; Singh, R.; Patil, S.; Sharma, H.; Meena, D.; Gawande, P.; Kalele, K.; Jain, R.; Mali, D.; Malhotra, B.; Nag, V.; Kaur, H.; Singh, N.; Singh, S.; Gopalkrishnan, M.; Yadav, P. D.; Yadav, P.
India/PP_000R0XN.3/2019-01-01	2019-05-28	Asia	India		Homo sapiens	MN866145.1	Sahay, R. R.; Dhandore, S.; Chauhan, A.; Bhatt, L.; Garg, V.; Gupta, N.; Nyayanit, D. A.; Shete, A. M.; Singh, R.; Patil, S.; Sharma, H.; Meena, D.; Gawande, P.; Kalele, K.; Jain, R.; Mali, D.; Malhotra, B.; Nag, V.; Kaur, H.; Singh, N.; Singh, S.; Gopalkrishnan, M.; Yadav, P. D.; Yadav, P.
India/PP_000R0YL.3/2019-01-01	2019-05-28	Asia	India		Homo sapiens	MN866148.1	Sahay, R. R.; Dhandore, S.; Chauhan, A.; Bhatt, L.; Garg, V.; Gupta, N.; Nyayanit, D. A.; Shete, A. M.; Singh, R.; Patil, S.; Sharma, H.; Meena, D.; Gawande, P.; Kalele, K.; Jain, R.; Mali, D.; Malhotra, B.; Nag, V.; Kaur, H.; Singh, N.; Singh, S.; Gopalkrishnan, M.; Yadav, P. D.; Yadav, P.
India/PP_000R0ZJ.3/2019-01-01	2019-05-28	Asia	India		Homo sapiens	MN866151.1	Sahay, R. R.; Dhandore, S.; Chauhan, A.; Bhatt, L.; Garg, V.; Gupta, N.; Nyayanit, D. A.; Shete, A. M.; Singh, R.; Patil, S.; Sharma, H.; Meena, D.; Gawande, P.; Kalele, K.; Jain, R.; Mali, D.; Malhotra, B.; Nag, V.; Kaur, H.; Singh, N.; Singh, S.; Gopalkrishnan, M.; Yadav, P. D.; Yadav, P.
India/PP_000R11E.3/2019-01-01	2019-05-28	Asia	India		Homo sapiens	MN866155.1	Sahay, R. R.; Dhandore, S.; Chauhan, A.; Bhatt, L.; Garg, V.; Gupta, N.; Nyayanit, D. A.; Shete, A. M.; Singh, R.; Patil, S.; Sharma, H.; Meena, D.; Gawande, P.; Kalele, K.; Jain, R.; Mali, D.; Malhotra, B.; Nag, V.; Kaur, H.; Singh, N.; Singh, S.; Gopalkrishnan, M.; Yadav, P. D.; Yadav, P.
India/PP_000R13A.3/2019-01-01	2019-05-28	Asia	India		Homo sapiens	MN866160.1	Sahay, R. R.; Dhandore, S.; Chauhan, A.; Bhatt, L.; Garg, V.; Gupta, N.; Nyayanit, D. A.; Shete, A. M.; Singh, R.; Patil, S.; Sharma, H.; Meena, D.; Gawande, P.; Kalele, K.; Jain, R.; Mali, D.; Malhotra, B.; Nag, V.; Kaur, H.; Singh, N.; Singh, S.; Gopalkrishnan, M.; Yadav, P. D.; Yadav, P.
India/PP_000R148.3/2019-01-01	2019-05-28	Asia	India		Homo sapiens	MN866163.1	Sahay, R. R.; Dhandore, S.; Yadav, P. D.; Chauhan, A.; Bhatt, L.; Garg, V.; Gupta, N.; Nyayanit, D. A.; Shete, A. M.; Singh, R.; Patil, S.; Sharma, H.; Meena, D.; Gupta, J.; Gawande, P.; Kalele, K.; Jain, R.; Mali, D.; Malhotra, B.; Nag, V.; Khatri, P. K.; Kaur, H.; Vijay, N.; Singh, S.; Gopalakrishnan, M.; Yadav, P.
India/PP_000R164.3/2019-01-01	2019-05-28	Asia	India		Homo sapiens	MN866166.1	Sahay, R. R.; Dhandore, S.; Chauhan, A.; Bhatt, L.; Garg, V.; Gupta, N.; Nyayanit, D. A.; Shete, A. M.; Singh, R.; Patil, S.; Sharma, H.; Meena, D.; Gawande, P.; Kalele, K.; Jain, R.; Mali, D.; Malhotra, B.; Nag, V.; Kaur, H.; Singh, N.; Singh, S.; Gopalkrishnan, M.; Yadav, P. D.; Yadav, P.
India/PP_000R180.3/2019-01-01	2019-05-28	Asia	India		Homo sapiens	MN866171.1	Sahay, R. R.; Dhandore, S.; Chauhan, A.; Bhatt, L.; Garg, V.; Gupta, N.; Nyayanit, D. A.; Shete, A. M.; Singh, R.; Patil, S.; Sharma, H.; Meena, D.; Gawande, P.; Kalele, K.; Jain, R.; Mali, D.; Malhotra, B.; Nag, V.; Kaur, H.; Singh, N.; Singh, S.; Gopalkrishnan, M.; Yadav, P. D.; Yadav, P.
India/PP_000R19Y.3/2019-01-01	2019-05-28	Asia	India		Homo sapiens	MN866175.1	Sahay, R. R.; Dhandore, S.; Chauhan, A.; Bhatt, L.; Garg, V.; Gupta, N.; Nyayanit, D. A.; Shete, A. M.; Singh, R.; Patil, S.; Sharma, H.; Meena, D.; Gawande, P.; Kalele, K.; Jain, R.; Mali, D.; Malhotra, B.; Nag, V.; Kaur, H.; Singh, N.; Singh, S.; Gopalkrishnan, M.; Yadav, P. D.; Yadav, P.
India/PP_000R1BU.3/2019-01-01	2019-05-28	Asia	India		Homo sapiens	MN866178.1	Sahay, R. R.; Dhandore, S.; Chauhan, A.; Bhatt, L.; Garg, V.; Gupta, N.; Nyayanit, D. A.; Shete, A. M.; Singh, R.; Patil, S.; Sharma, H.; Meena, D.; Gawande, P.; Kalele, K.; Jain, R.; Mali, D.; Malhotra, B.; Nag, V.; Kaur, H.; Singh, N.; Singh, S.; Gopalkrishnan, M.; Yadav, P. D.; Yadav, P.
India/PP_000R1CS.3/2019-01-01	2019-05-28	Asia	India		Homo sapiens	MN866181.1	Sahay, R. R.; Dhandore, S.; Chauhan, A.; Bhatt, L.; Garg, V.; Gupta, N.; Nyayanit, D. A.; Shete, A. M.; Singh, R.; Patil, S.; Sharma, H.; Meena, D.; Gawande, P.; Kalele, K.; Jain, R.; Mali, D.; Malhotra, B.; Nag, V.; Kaur, H.; Singh, N.; Singh, S.; Gopalkrishnan, M.; Yadav, P. D.; Yadav, P.
India/PP_000R1GJ.3/2019-01-01	2019-05-28	Asia	India		Ixodoidea	MN866190.1	Sahay, R. R.; Dhandore, S.; Yadav, P. D.; Chauhan, A.; Bhatt, L.; Garg, V.; Gupta, N.; Nyayanit, D. A.; Shete, A. M.; Singh, R.; Patil, S.; Sharma, H.; Meena, D.; Gupta, J.; Gawande, P.; Kalele, K.; Jain, R.; Mali, D.; Malhotra, B.; Nag, V.; Khatri, P. K.; Kaur, H.; Vijay, N.; Singh, S.; Gopalakrishnan, M.; Yadav, P.
India/PP_000R1HF.3/2019-01-01	2019-05-28	Asia	India		Ixodoidea	MN866194.1	Sahay, R. R.; Dhandore, S.; Yadav, P. D.; Chauhan, A.; Bhatt, L.; Garg, V.; Gupta, N.; Nyayanit, D. A.; Shete, A. M.; Singh, R.; Patil, S.; Sharma, H.; Meena, D.; Gupta, J.; Gawande, P.; Kalele, K.; Jain, R.; Mali, D.; Malhotra, B.; Nag, V.; Khatri, P. K.; Kaur, H.; Vijay, N.; Singh, S.; Gopalakrishnan, M.; Yadav, P.
India/PP_000R1JD.3/2019-01-01	2019-05-28	Asia	India		Ixodoidea	MN866195.1	Sahay, R. R.; Dhandore, S.; Yadav, P. D.; Chauhan, A.; Bhatt, L.; Garg, V.; Gupta, N.; Nyayanit, D. A.; Shete, A. M.; Singh, R.; Patil, S.; Sharma, H.; Meena, D.; Gupta, J.; Gawande, P.; Kalele, K.; Jain, R.; Mali, D.; Malhotra, B.; Nag, V.; Khatri, P. K.; Kaur, H.; Vijay, N.; Singh, S.; Gopalakrishnan, M.; Yadav, P.
India/PP_000R1M7.3/2019-01-01	2019-05-28	Asia	India		Ixodoidea	MN866202.1	Sahay, R. R.; Dhandore, S.; Yadav, P. D.; Chauhan, A.; Bhatt, L.; Garg, V.; Gupta, N.; Nyayanit, D. A.; Shete, A. M.; Singh, R.; Patil, S.; Sharma, H.; Meena, D.; Gupta, J.; Gawande, P.; Kalele, K.; Jain, R.; Mali, D.; Malhotra, B.; Nag, V.; Khatri, P. K.; Kaur, H.; Vijay, N.; Singh, S.; Gopalakrishnan, M.; Yadav, P.
India/PP_000R1N5.3/2019-01-01	2019-05-28	Asia	India		Ixodoidea	MN866204.1	Sahay, R. R.; Dhandore, S.; Yadav, P. D.; Chauhan, A.; Bhatt, L.; Garg, V.; Gupta, N.; Nyayanit, D. A.; Shete, A. M.; Singh, R.; Patil, S.; Sharma, H.; Meena, D.; Gupta, J.; Gawande, P.; Kalele, K.; Jain, R.; Mali, D.; Malhotra, B.; Nag, V.; Khatri, P. K.; Kaur, H.; Vijay, N.; Singh, S.; Gopalakrishnan, M.; Yadav, P.
India/PP_000R1Q1.3/2019-01-01	2019-05-28	Asia	India		Ixodoidea	MN866212.1	Sahay, R. R.; Dhandore, S.; Yadav, P. D.; Chauhan, A.; Bhatt, L.; Garg, V.; Gupta, N.; Nyayanit, D. A.; Shete, A. M.; Singh, R.; Patil, S.; Sharma, H.; Meena, D.; Gupta, J.; Gawande, P.; Kalele, K.; Jain, R.; Mali, D.; Malhotra, B.; Nag, V.; Khatri, P. K.; Kaur, H.; Vijay, N.; Singh, S.; Gopalakrishnan, M.; Yadav, P.
India/PP_000R1TV.3/2019-01-01	2019-05-28	Asia	India		Ixodoidea	MN866216.1	Sahay, R. R.; Dhandore, S.; Yadav, P. D.; Chauhan, A.; Bhatt, L.; Garg, V.; Gupta, N.; Nyayanit, D. A.; Shete, A. M.; Singh, R.; Patil, S.; Sharma, H.; Meena, D.; Gupta, J.; Gawande, P.; Kalele, K.; Jain, R.; Mali, D.; Malhotra, B.; Nag, V.; Khatri, P. K.; Kaur, H.; Vijay, N.; Singh, S.; Gopalakrishnan, M.; Yadav, P.
India/PP_000R1UT.3/2019-01-01	2019-05-28	Asia	India			MN930401.1	Sahay, R. R.; Dhandore, S.; Yadav, P. D.; Chauhan, A.; Bhatt, L.; Garg, V.; Gupta, N.; Nyayanit, D. A.; Shete, A. M.; Singh, R.; Patil, S.; Sharma, H.; Meena, D.; Gupta, J.; Gawande, P.; Kalele, K.; Jain, R.; Mali, D.; Malhotra, B.; Nag, V.; Khatri, P. K.; Kaur, H.; Vijay, N.; Singh, S.; Gopalakrishnan, M.
India/PP_000R1VR.3/2019-01-01	2019-05-28	Asia	India		Homo sapiens	MN930402.1	Sahay, R. R.; Dhandore, S.; Yadav, P. D.; Chauhan, A.; Bhatt, L.; Garg, V.; Gupta, N.; Nyayanit, D. A.; Shete, A. M.; Singh, R.; Patil, S.; Sharma, H.; Meena, D.; Gupta, J.; Gawande, P.; Kalele, K.; Jain, R.; Mali, D.; Malhotra, B.; Nag, V.; Khatri, P. K.; Kaur, H.; Vijay, N.; Singh, S.; Gopalakrishnan, M.
India/PP_000R1XM.3/2019-01-01	2019-05-28	Asia	India		Homo sapiens	MN930403.1	Sahay, R. R.; Dhandore, S.; Yadav, P. D.; Chauhan, A.; Bhatt, L.; Garg, V.; Gupta, N.; Nyayanit, D. A.; Shete, A. M.; Singh, R.; Patil, S.; Sharma, H.; Meena, D.; Gupta, J.; Gawande, P.; Kalele, K.; Jain, R.; Mali, D.; Malhotra, B.; Nag, V.; Khatri, P. K.; Kaur, H.; Vijay, N.; Singh, S.; Gopalakrishnan, M.
India/PP_000R1YK.3/2019-01-01	2019-05-28	Asia	India		Homo sapiens	MN930404.1	Sahay, R. R.; Dhandore, S.; Yadav, P. D.; Chauhan, A.; Bhatt, L.; Garg, V.; Gupta, N.; Nyayanit, D. A.; Shete, A. M.; Singh, R.; Patil, S.; Sharma, H.; Meena, D.; Gupta, J.; Gawande, P.; Kalele, K.; Jain, R.; Mali, D.; Malhotra, B.; Nag, V.; Khatri, P. K.; Kaur, H.; Vijay, N.; Singh, S.; Gopalakrishnan, M.
India/PP_000R1ZH.3/2019-01-01	2019-05-28	Asia	India		Homo sapiens	MN930405.1	Sahay, R. R.; Dhandore, S.; Yadav, P. D.; Chauhan, A.; Bhatt, L.; Garg, V.; Gupta, N.; Nyayanit, D. A.; Shete, A. M.; Singh, R.; Patil, S.; Sharma, H.; Meena, D.; Gupta, J.; Gawande, P.; Kalele, K.; Jain, R.; Mali, D.; Malhotra, B.; Nag, V.; Khatri, P. K.; Kaur, H.; Vijay, N.; Singh, S.; Gopalakrishnan, M.
India/PP_000R20F.3/2019-01-01	2019-05-28	Asia	India			MN930406.1	Sahay, R. R.; Dhandore, S.; Yadav, P. D.; Chauhan, A.; Bhatt, L.; Garg, V.; Gupta, N.; Nyayanit, D. A.; Shete, A. M.; Singh, R.; Patil, S.; Sharma, H.; Meena, D.; Gupta, J.; Gawande, P.; Kalele, K.; Jain, R.; Mali, D.; Malhotra, B.; Nag, V.; Khatri, P. K.; Kaur, H.; Vijay, N.; Singh, S.; Gopalakrishnan, M.
India/PP_000R239.3/2019-01-01	2019-05-28	Asia	India		Homo sapiens	MN930408.1	Sahay, R. R.; Dhandore, S.; Yadav, P. D.; Chauhan, A.; Bhatt, L.; Garg, V.; Gupta, N.; Nyayanit, D. A.; Shete, A. M.; Singh, R.; Patil, S.; Sharma, H.; Meena, D.; Gupta, J.; Gawande, P.; Kalele, K.; Jain, R.; Mali, D.; Malhotra, B.; Nag, V.; Khatri, P. K.; Kaur, H.; Vijay, N.; Singh, S.; Gopalakrishnan, M.
India/PP_000R247.3/2019-01-01	2019-05-28	Asia	India			MN930409.1	Sahay, R. R.; Dhandore, S.; Yadav, P. D.; Chauhan, A.; Bhatt, L.; Garg, V.; Gupta, N.; Nyayanit, D. A.; Shete, A. M.; Singh, R.; Patil, S.; Sharma, H.; Meena, D.; Gupta, J.; Gawande, P.; Kalele, K.; Jain, R.; Mali, D.; Malhotra, B.; Nag, V.; Khatri, P. K.; Kaur, H.; Vijay, N.; Singh, S.; Gopalakrishnan, M.
India/PP_000R255.3/2019-01-01	2019-05-28	Asia	India			MN930410.1	Sahay, R. R.; Dhandore, S.; Yadav, P. D.; Chauhan, A.; Bhatt, L.; Garg, V.; Gupta, N.; Nyayanit, D. A.; Shete, A. M.; Singh, R.; Patil, S.; Sharma, H.; Meena, D.; Gupta, J.; Gawande, P.; Kalele, K.; Jain, R.; Mali, D.; Malhotra, B.; Nag, V.; Khatri, P. K.; Kaur, H.; Vijay, N.; Singh, S.; Gopalakrishnan, M.
Russia/PP_000R32A.3/2018-05-07	2018-05-07	Asia	Russia		Homo sapiens	MN987247.1	Nikiforova, M. A.; Kuznetsova, N. A.; Shchetinin, A. M.; Butenko, A. M.; Kozlova, A. A.; Larichev, V. P.; Vakalova, E. V.; Babaeva, M. A.; Arjba, T. E.; Akishkin, V. G.; Azarian, A. R.; Nikeshina, N. N.; Rubalsky, O. V.; Bashkina, O. A.; Tkachuk, A. P.; Gintsburg, A. L.; Gushchin, V. A.
USA/PP_000R4JA.3/2020-09-30	2020-09-30	North America	USA		Mus musculus	MW058028.1	Hawman, D. W.; Meade-White, K.; Leventhal, S.; Feldmann, F.; Okumura, A.; Smith, B.; Scott, D.; Feldmann, H.; Sturdevant, D.; Martens, C.; Babian, K.
India/PP_000R4N2.3/2019-01-01	2019-05-28	Asia	India		Homo sapiens	MW298536.1	Yadav, P.; Shete-Aich, A.; Nyayanit, D.; Sahay, R.
India/PP_000R4P0.3/2019-01-01	2019-05-28	Asia	India		Homo sapiens	MW298537.1	Yadav, P.; Shete-Aich, A.; Nyayanit, D.; Sahay, R.
India/PP_000R4RW.3/2019-01-01	2019-05-28	Asia	India		Homo sapiens	MW298539.1	Yadav, P.; Shete-Aich, A.; Nyayanit, D.; Sahay, R.
Uganda/PP_000R544.3/2015-11-09	2015-11-09	Africa	Uganda		Homo sapiens	MW464946.1	Balinandi, S.; Whitmer, S.; Mulei, S.; Nyakarahuka, L.; Tumusiime, A.; Kyondo, J.; Mugisha, L.; Almberg, M.; Lutwama, J.; Shoemaker, T.; Klena, J. D.
Uganda/PP_000R552.3/2017-08-18	2017-08-18	Africa	Uganda		Homo sapiens	MW464949.1	Balinandi, S.; Whitmer, S.; Mulei, S.; Nyakarahuka, L.; Tumusiime, A.; Kyondo, J.; Mugisha, L.; Almberg, M.; Lutwama, J.; Shoemaker, T.; Klena, J. D.
Uganda/PP_000R560.3/2018-08-18	2018-08-18	Africa	Uganda		Homo sapiens	MW464952.1	Balinandi, S.; Whitmer, S.; Mulei, S.; Nyakarahuka, L.; Tumusiime, A.; Kyondo, J.; Mugisha, L.; Almberg, M.; Lutwama, J.; Shoemaker, T.; Klena, J. D.
Uganda/PP_000R57Y.3/2018-09-24	2018-09-24	Africa	Uganda		Homo sapiens	MW464955.1	Balinandi, S.; Whitmer, S.; Mulei, S.; Nyakarahuka, L.; Tumusiime, A.; Kyondo, J.; Mugisha, L.; Almberg, M.; Lutwama, J.; Shoemaker, T.; Klena, J. D.
Uganda/PP_000R58W.3/2019-01-02	2019-01-02	Africa	Uganda		Homo sapiens	MW464958.1	Balinandi, S.; Whitmer, S.; Mulei, S.; Nyakarahuka, L.; Tumusiime, A.; Kyondo, J.; Mugisha, L.; Almberg, M.; Lutwama, J.; Shoemaker, T.; Klena, J. D.
Uganda/PP_000R59U.3/2018-10-30	2018-10-30	Africa	Uganda		Homo sapiens	MW464961.1	Balinandi, S.; Whitmer, S.; Mulei, S.; Nyakarahuka, L.; Tumusiime, A.; Kyondo, J.; Mugisha, L.; Almberg, M.; Lutwama, J.; Shoemaker, T.; Klena, J. D.
Uganda/PP_000R5AS.3/2019-01-24	2019-01-24	Africa	Uganda		Homo sapiens	MW464964.1	Balinandi, S.; Whitmer, S.; Mulei, S.; Nyakarahuka, L.; Tumusiime, A.; Kyondo, J.; Mugisha, L.; Almberg, M.; Lutwama, J.; Shoemaker, T.; Klena, J. D.
Uganda/PP_000R5CN.3/2018-08-23	2018-08-23	Africa	Uganda		Homo sapiens	MW464969.1	Balinandi, S.; Whitmer, S.; Mulei, S.; Nyakarahuka, L.; Tumusiime, A.; Kyondo, J.; Mugisha, L.; Almberg, M.; Lutwama, J.; Shoemaker, T.; Klena, J. D.
Uganda/PP_000R5DL.3/2018-09-07	2018-09-07	Africa	Uganda		Homo sapiens	MW464972.1	Balinandi, S.; Whitmer, S.; Mulei, S.; Nyakarahuka, L.; Tumusiime, A.; Kyondo, J.; Mugisha, L.; Almberg, M.; Lutwama, J.; Shoemaker, T.; Klena, J. D.
Uganda/PP_000R5FG.3/2018-09-22	2018-09-22	Africa	Uganda		Homo sapiens	MW464976.1	Balinandi, S.; Whitmer, S.; Mulei, S.; Nyakarahuka, L.; Tumusiime, A.; Kyondo, J.; Mugisha, L.; Almberg, M.; Lutwama, J.; Shoemaker, T.; Klena, J. D.
Uganda/PP_000R5GE.3/2018-07-12	2018-07-12	Africa	Uganda		Homo sapiens	MW464979.1	Balinandi, S.; Whitmer, S.; Mulei, S.; Nyakarahuka, L.; Tumusiime, A.; Kyondo, J.; Mugisha, L.; Almberg, M.; Lutwama, J.; Shoemaker, T.; Klena, J. D.
Uganda/PP_000R5HB.3/2019-04-11	2019-04-11	Africa	Uganda		Homo sapiens	MW464982.1	Balinandi, S.; Whitmer, S.; Mulei, S.; Nyakarahuka, L.; Tumusiime, A.; Kyondo, J.; Mugisha, L.; Almberg, M.; Lutwama, J.; Shoemaker, T.; Klena, J. D.
United_Arab_Emirates/PP_000R5PZ.3/2019-01-01	2019-05-28	Asia	United Arab Emirates		Hyalomma dromedarii	MW548501.1	Camp, J. V.; Weidinger, P.; Ramaswamy, S.; Kannan, D. O.; Osman, B. M.; Kolodziejek, J.; Karuvantevida, N.; Abou Tayoun, A.; Loney, T.; Nowotny, N.; Wolf, N.
United_Arab_Emirates/PP_000R5QX.3/2019-01-01	2019-05-28	Asia	United Arab Emirates		Hyalomma dromedarii	MW548502.1	Camp, J. V.; Weidinger, P.; Ramaswamy, S.; Kannan, D. O.; Osman, B. M.; Kolodziejek, J.; Karuvantevida, N.; Abou Tayoun, A.; Loney, T.; Nowotny, N.; Wolf, N.
United_Arab_Emirates/PP_000R5ST.3/2019-01-01	2019-05-28	Asia	United Arab Emirates		Hyalomma dromedarii	MW548504.1	Camp, J. V.; Weidinger, P.; Ramaswamy, S.; Kannan, D. O.; Osman, B. M.; Kolodziejek, J.; Karuvantevida, N.; Abou Tayoun, A.; Loney, T.; Nowotny, N.; Wolf, N.
United_Arab_Emirates/PP_000R76Y.3/1979-12-01	1979-12-28	Asia	United Arab Emirates		Homo sapiens	OL741591.1	Ashraf, S.; Love, H.; Burton, C.; Carmichael, S.; Filipe, A. D.; Roddy, S.; Smollett, K.; Summers, S.; Tong, L.; Richards, K. S.; Thomson, E. C.
Uganda/PP_000R78U.3/1960-03-01	1960-03-28	Africa	Uganda		Homo sapiens	OL741597.1	Ashraf, S.; Love, H.; Burton, C.; Carmichael, S.; Filipe, A. D.; Roddy, S.; Smollett, K.; Summers, S.; Tong, L.; Richards, K. S.; Thomson, E. C.
South_Africa/PP_000R79S.3/1981-02-01	1981-02-28	Africa	South Africa		Homo sapiens	OL774840.1	Ashraf, S.; Love, H.; Burton, C.; Carmichael, S.; Filipe, A. D.; Roddy, S.; Smollett, K.; Summers, S.; Tong, L.; Richards, K. S.; Thomson, E. C.
Senegal/PP_000R7AQ.3/1975-01-01	1975-05-28	Africa	Senegal		Hyalomma rufipes	OL774849.1	Ashraf, S.; Love, H.; Burton, C.; Carmichael, S.; Filipe, A. D.; Roddy, S.; Smollett, K.; Summers, S.; Tong, L.; Richards, K. S.; Thomson, E. C.
Pakistan/PP_000R7BN.3/2019-01-01	2019-05-28	Asia	Pakistan		Homo sapiens	OM162027.1	Umair, M.; Rehman, Z.; Whitmer, S.; Mobley, M.; Fahim, A.; Ikram, A.; Salman, M.; Montgomery, J. M.; Klena, J. D.; Khurshid, A.; Talundzic, E.; Montgomery, J.; Klena, J.
Pakistan/PP_000R7CL.3/2017-01-01	2017-05-28	Asia	Pakistan		Homo sapiens	OM162030.1	Umair, M.; Rehman, Z.; Whitmer, S.; Mobley, M.; Fahim, A.; Ikram, A.; Salman, M.; Montgomery, J. M.; Klena, J. D.; Khurshid, A.; Talundzic, E.; Montgomery, J.; Klena, J.
Pakistan/PP_000R7DJ.3/2017-01-01	2017-05-28	Asia	Pakistan		Homo sapiens	OM162033.1	Umair, M.; Rehman, Z.; Whitmer, S.; Mobley, M.; Fahim, A.; Ikram, A.; Salman, M.; Montgomery, J. M.; Klena, J. D.; Khurshid, A.; Talundzic, E.; Montgomery, J.; Klena, J.
Pakistan/PP_000R7EG.3/2017-01-01	2017-05-28	Asia	Pakistan		Homo sapiens	OM162036.1	Umair, M.; Rehman, Z.; Whitmer, S.; Mobley, M.; Fahim, A.; Ikram, A.; Salman, M.; Montgomery, J. M.; Klena, J. D.; Khurshid, A.; Talundzic, E.; Montgomery, J.; Klena, J.
Pakistan/PP_000R7FE.3/2017-01-01	2017-05-28	Asia	Pakistan		Homo sapiens	OM162039.1	Umair, M.; Rehman, Z.; Whitmer, S.; Mobley, M.; Fahim, A.; Ikram, A.; Salman, M.; Montgomery, J. M.; Klena, J. D.; Khurshid, A.; Talundzic, E.; Montgomery, J.; Klena, J.
Pakistan/PP_000R7GC.3/2017-01-01	2017-05-28	Asia	Pakistan		Homo sapiens	OM162042.1	Umair, M.; Rehman, Z.; Whitmer, S.; Mobley, M.; Fahim, A.; Ikram, A.; Salman, M.; Montgomery, J. M.; Klena, J. D.; Khurshid, A.; Talundzic, E.; Montgomery, J.; Klena, J.
Pakistan/PP_000R7H9.3/2019-01-01	2019-05-28	Asia	Pakistan		Homo sapiens	OM162045.1	Umair, M.; Rehman, Z.; Whitmer, S.; Mobley, M.; Fahim, A.; Ikram, A.; Salman, M.; Montgomery, J. M.; Klena, J. D.; Khurshid, A.; Talundzic, E.; Montgomery, J.; Klena, J.
Pakistan/PP_000R7J7.3/2019-01-01	2019-05-28	Asia	Pakistan		Homo sapiens	OM162048.1	Umair, M.; Rehman, Z.; Whitmer, S.; Mobley, M.; Fahim, A.; Ikram, A.; Salman, M.; Montgomery, J. M.; Klena, J. D.; Khurshid, A.; Talundzic, E.; Montgomery, J.; Klena, J.
Pakistan/PP_000R7K5.3/2019-01-01	2019-05-28	Asia	Pakistan		Homo sapiens	OM162051.1	Umair, M.; Rehman, Z.; Whitmer, S.; Mobley, M.; Fahim, A.; Ikram, A.; Salman, M.; Montgomery, J. M.; Klena, J. D.; Khurshid, A.; Talundzic, E.; Montgomery, J.; Klena, J.
Pakistan/PP_000R7L3.3/2019-01-01	2019-05-28	Asia	Pakistan		Homo sapiens	OM162054.1	Umair, M.; Rehman, Z.; Whitmer, S.; Mobley, M.; Fahim, A.; Ikram, A.; Salman, M.; Montgomery, J. M.; Klena, J. D.; Khurshid, A.; Talundzic, E.; Montgomery, J.; Klena, J.
Pakistan/PP_000R7M1.3/2019-01-01	2019-05-28	Asia	Pakistan		Homo sapiens	OM162057.1	Umair, M.; Rehman, Z.; Whitmer, S.; Mobley, M.; Fahim, A.; Ikram, A.; Salman, M.; Montgomery, J. M.; Klena, J. D.; Khurshid, A.; Talundzic, E.; Montgomery, J.; Klena, J.
Pakistan/PP_000R7NZ.3/2019-01-01	2019-05-28	Asia	Pakistan		Homo sapiens	OM162060.1	Umair, M.; Rehman, Z.; Whitmer, S.; Mobley, M.; Fahim, A.; Ikram, A.; Salman, M.; Montgomery, J. M.; Klena, J. D.; Khurshid, A.; Talundzic, E.; Montgomery, J.; Klena, J.
Pakistan/PP_000R7PX.3/2019-01-01	2019-05-28	Asia	Pakistan		Homo sapiens	OM162063.1	Umair, M.; Rehman, Z.; Whitmer, S.; Mobley, M.; Fahim, A.; Ikram, A.; Salman, M.; Montgomery, J. M.; Klena, J. D.; Khurshid, A.; Talundzic, E.; Montgomery, J.; Klena, J.
Pakistan/PP_000R7QV.3/2019-01-01	2019-05-28	Asia	Pakistan		Homo sapiens	OM162066.1	Umair, M.; Rehman, Z.; Whitmer, S.; Mobley, M.; Fahim, A.; Ikram, A.; Salman, M.; Montgomery, J. M.; Klena, J. D.; Khurshid, A.; Talundzic, E.; Montgomery, J.; Klena, J.
Pakistan/PP_000R7RT.3/2019-01-01	2019-05-28	Asia	Pakistan		Homo sapiens	OM162069.1	Umair, M.; Rehman, Z.; Whitmer, S.; Mobley, M.; Fahim, A.; Ikram, A.; Salman, M.; Montgomery, J. M.; Klena, J. D.; Khurshid, A.; Talundzic, E.; Montgomery, J.; Klena, J.
Pakistan/PP_000R7SR.3/2019-01-01	2019-05-28	Asia	Pakistan		Homo sapiens	OM162072.1	Umair, M.; Rehman, Z.; Whitmer, S.; Mobley, M.; Fahim, A.; Ikram, A.; Salman, M.; Montgomery, J. M.; Klena, J. D.; Khurshid, A.; Talundzic, E.; Montgomery, J.; Klena, J.
Pakistan/PP_000R7UM.3/2019-01-01	2019-05-28	Asia	Pakistan		Homo sapiens	OM162076.1	Umair, M.; Rehman, Z.; Whitmer, S.; Mobley, M.; Fahim, A.; Ikram, A.; Salman, M.; Montgomery, J. M.; Klena, J. D.; Khurshid, A.; Talundzic, E.; Montgomery, J.; Klena, J.
Pakistan/PP_000R7VK.3/2019-01-01	2019-05-28	Asia	Pakistan		Homo sapiens	OM162079.1	Umair, M.; Rehman, Z.; Whitmer, S.; Mobley, M.; Fahim, A.; Ikram, A.; Salman, M.; Montgomery, J. M.; Klena, J. D.; Khurshid, A.; Talundzic, E.; Montgomery, J.; Klena, J.
Pakistan/PP_000R7XF.3/2019-01-01	2019-05-28	Asia	Pakistan		Homo sapiens	OM162085.1	Umair, M.; Rehman, Z.; Whitmer, S.; Mobley, M.; Fahim, A.; Ikram, A.; Salman, M.; Montgomery, J. M.; Klena, J. D.; Khurshid, A.; Talundzic, E.; Montgomery, J.; Klena, J.
Pakistan/PP_000R7YD.3/2019-01-01	2019-05-28	Asia	Pakistan		Homo sapiens	OM162088.1	Umair, M.; Rehman, Z.; Whitmer, S.; Mobley, M.; Fahim, A.; Ikram, A.; Salman, M.; Montgomery, J. M.; Klena, J. D.; Khurshid, A.; Talundzic, E.; Montgomery, J.; Klena, J.
Pakistan/PP_000R7ZB.3/2019-01-01	2019-05-28	Asia	Pakistan		Homo sapiens	OM162091.1	Umair, M.; Rehman, Z.; Whitmer, S.; Mobley, M.; Fahim, A.; Ikram, A.; Salman, M.; Montgomery, J. M.; Klena, J. D.; Khurshid, A.; Talundzic, E.; Montgomery, J.; Klena, J.
Pakistan/PP_000R809.3/2019-01-01	2019-05-28	Asia	Pakistan		Homo sapiens	OM162093.1	Umair, M.; Rehman, Z.; Whitmer, S.; Mobley, M.; Fahim, A.; Ikram, A.; Salman, M.; Montgomery, J. M.; Klena, J. D.; Khurshid, A.; Talundzic, E.; Montgomery, J.; Klena, J.
Pakistan/PP_000R817.3/2018-01-01	2018-05-28	Asia	Pakistan		Homo sapiens	OM162096.1	Umair, M.; Rehman, Z.; Whitmer, S.; Mobley, M.; Fahim, A.; Ikram, A.; Salman, M.; Montgomery, J. M.; Klena, J. D.; Khurshid, A.; Talundzic, E.; Montgomery, J.; Klena, J.
Pakistan/PP_000R825.3/2018-01-01	2018-05-28	Asia	Pakistan		Homo sapiens	OM162099.1	Umair, M.; Rehman, Z.; Whitmer, S.; Mobley, M.; Fahim, A.; Ikram, A.; Salman, M.; Montgomery, J. M.; Klena, J. D.; Khurshid, A.; Talundzic, E.; Montgomery, J.; Klena, J.
Pakistan/PP_000R833.3/2018-01-01	2018-05-28	Asia	Pakistan		Homo sapiens	OM162102.1	Umair, M.; Rehman, Z.; Whitmer, S.; Mobley, M.; Fahim, A.; Ikram, A.; Salman, M.; Montgomery, J. M.; Klena, J. D.; Khurshid, A.; Talundzic, E.; Montgomery, J.; Klena, J.
Pakistan/PP_000R841.3/2018-01-01	2018-05-28	Asia	Pakistan		Homo sapiens	OM162105.1	Umair, M.; Rehman, Z.; Whitmer, S.; Mobley, M.; Fahim, A.; Ikram, A.; Salman, M.; Montgomery, J. M.; Klena, J. D.; Khurshid, A.; Talundzic, E.; Montgomery, J.; Klena, J.
Pakistan/PP_000R85Z.3/2018-01-01	2018-05-28	Asia	Pakistan		Homo sapiens	OM162108.1	Umair, M.; Rehman, Z.; Whitmer, S.; Mobley, M.; Fahim, A.; Ikram, A.; Salman, M.; Montgomery, J. M.; Klena, J. D.; Khurshid, A.; Talundzic, E.; Montgomery, J.; Klena, J.
Pakistan/PP_000R86X.3/2018-01-01	2018-05-28	Asia	Pakistan		Homo sapiens	OM162111.1	Umair, M.; Rehman, Z.; Whitmer, S.; Mobley, M.; Fahim, A.; Ikram, A.; Salman, M.; Montgomery, J. M.; Klena, J. D.; Khurshid, A.; Talundzic, E.; Montgomery, J.; Klena, J.
Pakistan/PP_000R87V.3/2018-01-01	2018-05-28	Asia	Pakistan		Homo sapiens	OM162113.1	Umair, M.; Rehman, Z.; Whitmer, S.; Mobley, M.; Fahim, A.; Ikram, A.; Salman, M.; Montgomery, J. M.; Klena, J. D.; Khurshid, A.; Talundzic, E.; Montgomery, J.; Klena, J.
Pakistan/PP_000R88T.3/2018-01-01	2018-05-28	Asia	Pakistan		Homo sapiens	OM162116.1	Umair, M.; Rehman, Z.; Whitmer, S.; Mobley, M.; Fahim, A.; Ikram, A.; Salman, M.; Montgomery, J. M.; Klena, J. D.; Khurshid, A.; Talundzic, E.; Montgomery, J.; Klena, J.
Pakistan/PP_000R89R.3/2018-01-01	2018-05-28	Asia	Pakistan		Homo sapiens	OM162119.1	Umair, M.; Rehman, Z.; Whitmer, S.; Mobley, M.; Fahim, A.; Ikram, A.; Salman, M.; Montgomery, J. M.; Klena, J. D.; Khurshid, A.; Talundzic, E.; Montgomery, J.; Klena, J.
Pakistan/PP_000R8AP.3/2018-01-01	2018-05-28	Asia	Pakistan		Homo sapiens	OM162122.1	Umair, M.; Rehman, Z.; Whitmer, S.; Mobley, M.; Fahim, A.; Ikram, A.; Salman, M.; Montgomery, J. M.; Klena, J. D.; Khurshid, A.; Talundzic, E.; Montgomery, J.; Klena, J.
Pakistan/PP_000R8BM.3/2020-01-01	2020-05-28	Asia	Pakistan		Homo sapiens	OM162125.1	Umair, M.; Rehman, Z.; Whitmer, S.; Mobley, M.; Fahim, A.; Ikram, A.; Salman, M.; Montgomery, J. M.; Klena, J. D.; Khurshid, A.; Talundzic, E.; Montgomery, J.; Klena, J.
Pakistan/PP_000R8CK.3/2020-01-01	2020-05-28	Asia	Pakistan		Homo sapiens	OM162128.1	Umair, M.; Rehman, Z.; Whitmer, S.; Mobley, M.; Fahim, A.; Ikram, A.; Salman, M.; Montgomery, J. M.; Klena, J. D.; Khurshid, A.; Talundzic, E.; Montgomery, J.; Klena, J.
Ghana/PP_000RAH6.3/2020-02-13	2020-02-13	Africa	Ghana		Hyalomma rufipes	OQ441062.1	Addo, S. O.; Bentil, R. E.; Baako, B. O. A.; Yartey, K. N.; Ansah-Owusu, J.; Tawiah-Mensah, C. N. L.; Agbodzi, B.; Kumordjie, S.; Yeboah, C.; Asoala, V.; Dunford, J. C.; Larbi, J. A.; Baidoo, P. K.; Wilson, M. D.; Diclaro, J. W. II; Dadzie, S. K.
Ghana/PP_000RAJ4.3/2020-02-25	2020-02-25	Africa	Ghana		Hyalomma rufipes	OQ441065.1	Bentil, R. E.; Addo, S. O.; Mosore, M.-T.; Kumordjie, S.; Yeboah, C.; Agbodzi, B.; Behene, E.; Tagoe, J.; Baako, B. O. A.; Asoala, V.; Ampadu, R. O.; Mingle, D. L.; Nyarko, E.; Fox, A. T.; Letizia, A. G.; Diclaro, J. W. II; Sanders, T.; Oduro, D.; Nimo-Paintsil, S. C.; Harwood, J.; Dadzie, S. K.
Turkey/PP_000RBSM.3/2015-07-20	2015-07-20	Europe	Turkey		Homo sapiens	OQ866633.1	D'Addiego, J.; Wand, N.; Afrough, B.; Fletcher, T.; Kurosaki, Y.; Leblebicioglu, H.; Hewson, R.
China/PP_000RCMW.3/2004-01-01	2004-05-28	Asia	China		Ixodoidea	OR047167.1	Moming, A.; Zhu, Q.; Bai, Y.; Jin, J.; Wu, Q.; Su, Z.; Tang, S.; Zhang, Y.; Shen, S.; Deng, F.
China/PP_000RCNU.3/2004-01-01	2004-05-28	Asia	China		Ixodoidea	OR047178.1	Moming, A.; Zhu, Q.; Bai, Y.; Jin, J.; Wu, Q.; Su, Z.; Tang, S.; Zhang, Y.; Shen, S.; Deng, F.
China/PP_000RCPS.3/1978-01-01	1978-05-28	Asia	China		Homo sapiens	OR047168.1	Moming, A.; Zhu, Q.; Bai, Y.; Jin, J.; Wu, Q.; Su, Z.; Tang, S.; Zhang, Y.; Shen, S.; Deng, F.
China/PP_000RCQQ.3/1975-01-01	1975-05-28	Asia	China		Ixodoidea	OR047169.1	Moming, A.; Zhu, Q.; Bai, Y.; Jin, J.; Wu, Q.; Su, Z.; Tang, S.; Zhang, Y.; Shen, S.; Deng, F.
China/PP_000RCRN.3/1979-01-01	1979-05-28	Asia	China			OR047186.1	Moming, A.; Zhu, Q.; Bai, Y.; Jin, J.; Wu, Q.; Su, Z.; Tang, S.; Zhang, Y.; Shen, S.; Deng, F.
China/PP_000RCSL.3/1984-01-01	1984-05-28	Asia	China		Homo sapiens	OR047170.1	Moming, A.; Zhu, Q.; Bai, Y.; Jin, J.; Wu, Q.; Su, Z.; Tang, S.; Zhang, Y.; Shen, S.; Deng, F.
China/PP_000RCTJ.3/1984-01-01	1984-05-28	Asia	China		Ixodoidea	OR047171.1	Moming, A.; Zhu, Q.; Bai, Y.; Jin, J.; Wu, Q.; Su, Z.; Tang, S.; Zhang, Y.; Shen, S.; Deng, F.
China/PP_000RCUG.3/1969-01-01	1969-05-28	Asia	China		Homo sapiens	OR047172.1	Moming, A.; Zhu, Q.; Bai, Y.; Jin, J.; Wu, Q.; Su, Z.; Tang, S.; Zhang, Y.; Shen, S.; Deng, F.
China/PP_000RCVE.3/1968-01-01	1968-05-28	Asia	China			OR047173.1	Moming, A.; Zhu, Q.; Bai, Y.; Jin, J.; Wu, Q.; Su, Z.; Tang, S.; Zhang, Y.; Shen, S.; Deng, F.
China/PP_000RCWC.3/1968-01-01	1968-05-28	Asia	China		Homo sapiens	OR047174.1	Moming, A.; Zhu, Q.; Bai, Y.; Jin, J.; Wu, Q.; Su, Z.; Tang, S.; Zhang, Y.; Shen, S.; Deng, F.
China/PP_000RCXA.3/1980-01-01	1980-05-28	Asia	China		Homo sapiens	OR047175.1	Moming, A.; Zhu, Q.; Bai, Y.; Jin, J.; Wu, Q.; Su, Z.; Tang, S.; Zhang, Y.; Shen, S.; Deng, F.
China/PP_000RD20.3/1979-01-01	1979-05-28	Asia	China			OR047176.1	Moming, A.; Zhu, Q.; Bai, Y.; Jin, J.; Wu, Q.; Su, Z.; Tang, S.; Zhang, Y.; Shen, S.; Deng, F.
China/PP_000RD3Y.3/1977-01-01	1977-05-28	Asia	China			OR047177.1	Moming, A.; Zhu, Q.; Bai, Y.; Jin, J.; Wu, Q.; Su, Z.; Tang, S.; Zhang, Y.; Shen, S.; Deng, F.
China/PP_000RD4W.3/1976-01-01	1976-05-28	Asia	China		Homo sapiens	OR047179.1	Moming, A.; Zhu, Q.; Bai, Y.; Jin, J.; Wu, Q.; Su, Z.; Tang, S.; Zhang, Y.; Shen, S.; Deng, F.
China/PP_000RD5U.3/1973-01-01	1973-05-28	Asia	China		Homo sapiens	OR047180.1	Moming, A.; Zhu, Q.; Bai, Y.; Jin, J.; Wu, Q.; Su, Z.; Tang, S.; Zhang, Y.; Shen, S.; Deng, F.
China/PP_000RD6S.3/1970-01-01	1970-05-28	Asia	China		Homo sapiens	OR047181.1	Moming, A.; Zhu, Q.; Bai, Y.; Jin, J.; Wu, Q.; Su, Z.; Tang, S.; Zhang, Y.; Shen, S.; Deng, F.
China/PP_000RDBG.3/1988-01-01	1988-05-28	Asia	China			OR047182.1	Moming, A.; Zhu, Q.; Bai, Y.; Jin, J.; Wu, Q.; Su, Z.; Tang, S.; Zhang, Y.; Shen, S.; Deng, F.
China/PP_000RDCE.3/1988-01-01	1988-05-28	Asia	China			OR047183.1	Moming, A.; Zhu, Q.; Bai, Y.; Jin, J.; Wu, Q.; Su, Z.; Tang, S.; Zhang, Y.; Shen, S.; Deng, F.
China/PP_000RDDC.3/1975-01-01	1975-05-28	Asia	China		Homo sapiens	OR047184.1	Moming, A.; Zhu, Q.; Bai, Y.; Jin, J.; Wu, Q.; Su, Z.; Tang, S.; Zhang, Y.; Shen, S.; Deng, F.
China/PP_000RDEA.3/1966-01-01	1966-05-28	Asia	China		Homo sapiens	OR047185.1	Moming, A.; Zhu, Q.; Bai, Y.; Jin, J.; Wu, Q.; Su, Z.; Tang, S.; Zhang, Y.; Shen, S.; Deng, F.
Pakistan/PP_000RDRM.3/2023-05-01	2023-05	Asia	Pakistan		Homo sapiens	OR964921.1	Umair, M.; Haider, S. A.; Jamal, Z.; Ammar, M.; Hakim, R.; Ali, Q.; Salman, M.
Pakistan/PP_000RDSK.3/2023-07-03	2023-07-03	Asia	Pakistan		Homo sapiens	OR964922.1	Umair, M.; Haider, S. A.; Jamal, Z.; Ammar, M.; Hakim, R.; Ali, Q.; Salman, M.
Pakistan/PP_000RDTH.3/2023-04-20	2023-04-20	Asia	Pakistan		Homo sapiens	OR964923.1	Umair, M.; Haider, S. A.; Jamal, Z.; Ammar, M.; Hakim, R.; Ali, Q.; Salman, M.
Pakistan/PP_000RDUF.3/2023-05-01	2023-05	Asia	Pakistan		Homo sapiens	OR964924.1	Umair, M.; Haider, S. A.; Jamal, Z.; Ammar, M.; Hakim, R.; Ali, Q.; Salman, M.
Pakistan/PP_000RDVD.3/2023-07-14	2023-07-14	Asia	Pakistan		Homo sapiens	OR964925.1	Umair, M.; Haider, S. A.; Jamal, Z.; Ammar, M.; Hakim, R.; Ali, Q.; Salman, M.
Pakistan/PP_000RDWB.3/2023-08-26	2023-08-26	Asia	Pakistan		Homo sapiens	OR964926.1	Umair, M.; Haider, S. A.; Jamal, Z.; Ammar, M.; Hakim, R.; Ali, Q.; Salman, M.
Pakistan/PP_000RDX9.3/2023-08-30	2023-08-30	Asia	Pakistan		Homo sapiens	OR964927.1	Umair, M.; Haider, S. A.; Jamal, Z.; Ammar, M.; Hakim, R.; Ali, Q.; Salman, M.
Pakistan/PP_000RDY7.3/2023-08-05	2023-08-05	Asia	Pakistan		Homo sapiens	OR964928.1	Umair, M.; Haider, S. A.; Jamal, Z.; Ammar, M.; Hakim, R.; Ali, Q.; Salman, M.
Pakistan/PP_000RDZ5.3/2023-09-25	2023-09-25	Asia	Pakistan		Homo sapiens	OR964929.1	Umair, M.; Haider, S. A.; Jamal, Z.; Ammar, M.; Hakim, R.; Ali, Q.; Salman, M.
Pakistan/PP_000RE03.3/2023-09-25	2023-09-25	Asia	Pakistan		Homo sapiens	OR964930.1	Umair, M.; Haider, S. A.; Jamal, Z.; Ammar, M.; Hakim, R.; Ali, Q.; Salman, M.
Pakistan/PP_000RE11.3/2023-09-25	2023-09-25	Asia	Pakistan		Homo sapiens	OR964931.1	Umair, M.; Haider, S. A.; Jamal, Z.; Ammar, M.; Hakim, R.; Ali, Q.; Salman, M.
Georgia/PP_000RELW.4/2023-01-01	2023-05-28	Asia	Georgia		Homo sapiens	PP116320.1	Karan, L. S.; Perekopskaya, N. E.; Morozkin, E. S.; Roev, G. V.
North_Macedonia/PP_000RF4U.3/2023-01-01	2023-05-28	Europe	North Macedonia		Homo sapiens	PP729066.1	Jakimovski, D.; Spasovska, K.; Grozdanovski, K.; Rangelov, G.; Cvetanovska, M.; Cana, F.; Banovic, P.; Simin, V.; Bogdan, I.; Mijatovic, D.; Cvetkovikj, A.; Djadjovski, I.; Christova, I.; Meletis, E.; Kostoulas, P.; Zana, B.; Lanszki, Z.; Gorfol, T.; Tauber, Z.; Kemenesi, G.; Urban, P.
North_Macedonia/PP_000RFJZ.3/2023-01-01	2023-05-28	Europe	North Macedonia		Homo sapiens	PP963968.1	Bosevska, G.; Emmerich, P.; von Possel, R.; Toth, E. G.; Osmani, D.; Cadar, D.
North_Macedonia/PP_000RFLV.3/2024-01-01	2024-05-28	Europe	North Macedonia		Homo sapiens	PQ031236.1	Jakimovski, D.; Banovic, P.; Zana, B.; Abraham, A.; Lanszki, Z.; Gorfol, T.; Tauber, Z.; Kuczmog, A.; Banyai, K.; Kemenesi, G.
Nigeria/PP_000SMLM.1/1966-01-01	1966-05-28	Africa	Nigeria	True	Hyalomma excavatum	PQ463982.1	Peng, L.; Hirsch, S.; Kocher, G.; Mehta, M.; Holbrook, M.
Pakistan/PP_000SNKN.1/2024-05-02	2024-05-02	Asia	Pakistan		Homo sapiens	PQ523727.1	Umair, M.; Hakim, R.; Jamal, Z.; Salman, M.
Pakistan/PP_000SNLL.1/2024-07-12	2024-07-12	Asia	Pakistan		Homo sapiens	PQ523728.1	Umair, M.; Hakim, R.; Jamal, Z.; Salman, M.
Pakistan/PP_000SNMJ.1/2024-07-16	2024-07-16	Asia	Pakistan		Homo sapiens	PQ523729.1	Umair, M.; Hakim, R.; Jamal, Z.; Salman, M.
China/PP_0010Q9R.1/1984-01-01	1984-05-28	Asia	China		Ixodoidea	OR823870.1	Moming, A.; Zhu, Q.; Bai, Y.; Jin, J.; Wu, Q.; Su, Z.; Tang, S.; Zhang, Y.; Shen, S.; Deng, F.
China/PP_0010QAP.1/1984-01-01	1984-05-28	Asia	China		Ixodoidea	OR823871.1	Moming, A.; Zhu, Q.; Bai, Y.; Jin, J.; Wu, Q.; Su, Z.; Tang, S.; Zhang, Y.; Shen, S.; Deng, F.
China/PP_0010QBM.1/1984-01-01	1984-05-28	Asia	China		Ixodoidea	OR823872.1	Moming, A.; Zhu, Q.; Bai, Y.; Jin, J.; Wu, Q.; Su, Z.; Tang, S.; Zhang, Y.; Shen, S.; Deng, F.
Senegal/PP_0010Z00.1/2022-01-01	2022-05-28	Africa	Senegal		Homo sapiens	PP845328.1	Sene, O.
Senegal/PP_001100X.1/2022-08-01	2022-08-28	Africa	Senegal		Rhipicephalus sulcatus	PP894718.1	Sene, O.
Senegal/PP_001101V.1/2022-08-01	2022-08-28	Africa	Senegal		Rhipicephalus evertsi	PP894719.1	Sene, O.
Senegal/PP_001102T.1/2022-08-01	2022-08-28	Africa	Senegal		Rhipicephalus sulcatus	PP894720.1	Sene, O.
Senegal/PP_001103R.1/2022-08-01	2022-08-28	Africa	Senegal		Rhipicephalus senegalensis	PP894721.1	Sene, O.
Senegal/PP_00110PJ.1/2022-08-01	2022-08-28	Africa	Senegal		Hyalomma marginatum	PP916049.1	Sene, O.
Turkey/PP_0014EHA.1/2017-05-08	2017-05-08	Europe	Turkey		Homo sapiens	PV135959.1	Ozkul, A.; Ergunay, K.; Hanifehnezhad, A.
Turkey/PP_0014G17.1/2023-04-28	2023-04-28	Europe	Turkey		Homo sapiens	PV330319.1	Kuskucu, M. A.; Yapar, D.; Yalcin, S.; Celikbas, A.; Baykam, N.; Can, F.; Ergonul, O.
Tajikistan/PP_0015FWF.1/2023-06-12	2023-06-12	Asia	Tajikistan		Homo sapiens	PV390621.1	D'Addiego, J.; Mullojanova, M.; Hikmatov, T.; Tishkova, F.; Hewson, R.
Tajikistan/PP_0015FXD.1/2023-07-12	2023-07-12	Asia	Tajikistan		Homo sapiens	PV390622.1	D'Addiego, J.; Mullojanova, M.; Hikmatov, T.; Tishkova, F.; Hewson, R.
Tajikistan/PP_0015FYB.1/2017-06-29	2017-06-29	Asia	Tajikistan		Homo sapiens	PV390623.1	D'Addiego, J.; Mullojanova, M.; Hikmatov, T.; Tishkova, F.; Hewson, R.
Tajikistan/PP_0015FZ9.1/2017-07-04	2017-07-04	Asia	Tajikistan		Homo sapiens	PV390624.1	D'Addiego, J.; Mullojanova, M.; Hikmatov, T.; Tishkova, F.; Hewson, R.
Tajikistan/PP_0015G07.1/2017-07-07	2017-07-07	Asia	Tajikistan		Homo sapiens	PV390625.1	D'Addiego, J.; Mullojanova, M.; Hikmatov, T.; Tishkova, F.; Hewson, R.
Tajikistan/PP_0015G15.1/2017-07-07	2017-07-07	Asia	Tajikistan		Homo sapiens	PV390626.1	D'Addiego, J.; Mullojanova, M.; Hikmatov, T.; Tishkova, F.; Hewson, R.
Tajikistan/PP_0015G23.1/2023-05-26	2023-05-26	Asia	Tajikistan		Hyalomma anatolicum	PV390627.1	D'Addiego, J.; Mullojanova, M.; Hikmatov, T.; Tishkova, F.; Hewson, R.
